No.,Time,Source,Destination,Protocol,Length,Info,,,,,,,,,,,,,
1,0,20.190.148.165,192.168.1.12,TCP,62,"443  >  58655 [SYN, ACK] Seq=0 Ack=1 Win=64952 Len=0 MSS=1412 SACK_PERM",,,,,,,,,,,,,
2,0.000113,192.168.1.12,20.190.148.165,TCP,54,58655  >  443 [ACK] Seq=1 Ack=1 Win=64240 Len=0,,,,,,,,,,,,,
3,0.00097,192.168.1.12,20.190.148.165,TLSv1.2,283,Client Hello (SNI=login.live.com),,,,,,,,,,,,,
4,0.010026,52.182.143.208,192.168.1.12,TLSv1.2,101,Application Data,,,,,,,,,,,,,
5,0.010026,52.182.143.208,192.168.1.12,TCP,56,443  >  58642 [ACK] Seq=48 Ack=1413 Win=64952 Len=0,,,,,,,,,,,,,
6,0.010026,52.182.143.208,192.168.1.12,TCP,56,443  >  58642 [ACK] Seq=48 Ack=2825 Win=64952 Len=0,,,,,,,,,,,,,
7,0.010081,192.168.1.12,52.182.143.208,TCP,54,58642  >  443 [ACK] Seq=5314 Ack=48 Win=64939 Len=0,,,,,,,,,,,,,
8,0.013402,52.182.143.208,192.168.1.12,TCP,56,443  >  58642 [ACK] Seq=48 Ack=4237 Win=64952 Len=0,,,,,,,,,,,,,
9,0.013402,52.182.143.208,192.168.1.12,TCP,56,443  >  58642 [ACK] Seq=48 Ack=5314 Win=63875 Len=0,,,,,,,,,,,,,
10,0.02432,52.182.143.208,192.168.1.12,TLSv1.2,501,Application Data,,,,,,,,,,,,,
11,0.02435,192.168.1.12,52.182.143.208,TCP,54,58642  >  443 [ACK] Seq=5314 Ack=495 Win=64492 Len=0,,,,,,,,,,,,,
12,0.048576,20.190.148.165,192.168.1.12,TCP,1466,443  >  58573 [ACK] Seq=1 Ack=1 Win=64431 Len=1412 [TCP PDU reassembled in 20],,,,,,,,,,,,,
13,0.048576,20.190.148.165,192.168.1.12,TCP,1466,443  >  58573 [ACK] Seq=1413 Ack=1 Win=64431 Len=1412 [TCP PDU reassembled in 20],,,,,,,,,,,,,
14,0.048604,192.168.1.12,20.190.148.165,TCP,54,58573  >  443 [ACK] Seq=1 Ack=2825 Win=64952 Len=0,,,,,,,,,,,,,
15,0.075615,20.190.148.165,192.168.1.12,TCP,1466,443  >  58573 [ACK] Seq=2825 Ack=1 Win=64431 Len=1412 [TCP PDU reassembled in 20],,,,,,,,,,,,,
16,0.075615,20.190.148.165,192.168.1.12,TCP,1466,443  >  58573 [ACK] Seq=4237 Ack=1 Win=64431 Len=1412 [TCP PDU reassembled in 20],,,,,,,,,,,,,
17,0.075615,20.190.148.165,192.168.1.12,TCP,1466,443  >  58573 [ACK] Seq=5649 Ack=1 Win=64431 Len=1412 [TCP PDU reassembled in 20],,,,,,,,,,,,,
18,0.075615,20.190.148.165,192.168.1.12,TCP,1466,443  >  58573 [ACK] Seq=7061 Ack=1 Win=64431 Len=1412 [TCP PDU reassembled in 20],,,,,,,,,,,,,
19,0.075615,20.190.148.165,192.168.1.12,TCP,1466,443  >  58573 [ACK] Seq=8473 Ack=1 Win=64431 Len=1412 [TCP PDU reassembled in 20],,,,,,,,,,,,,
20,0.075615,20.190.148.165,192.168.1.12,TLSv1.2,1310,Application Data,,,,,,,,,,,,,
21,0.075651,192.168.1.12,20.190.148.165,TCP,54,58573  >  443 [ACK] Seq=1 Ack=11141 Win=64952 Len=0,,,,,,,,,,,,,
22,0.092693,20.190.148.165,192.168.1.12,TCP,1466,443  >  58655 [ACK] Seq=1 Ack=230 Win=64723 Len=1412 [TCP PDU reassembled in 24],,,,,,,,,,,,,
23,0.10233,20.190.148.165,192.168.1.12,TCP,1466,443  >  58655 [ACK] Seq=1413 Ack=230 Win=64723 Len=1412 [TCP PDU reassembled in 24],,,,,,,,,,,,,
24,0.10233,20.190.148.165,192.168.1.12,TLSv1.2,1186,"Server Hello, Certificate, Certificate Status, Server Key Exchange, Server Hello Done",,,,,,,,,,,,,
25,0.102369,192.168.1.12,20.190.148.165,TCP,54,58655  >  443 [ACK] Seq=230 Ack=3957 Win=64952 Len=0,,,,,,,,,,,,,
26,0.107738,192.168.1.12,20.190.148.165,TLSv1.2,212,"Client Key Exchange, Change Cipher Spec, Encrypted Handshake Message",,,,,,,,,,,,,
27,0.188863,192.168.1.12,4.213.25.242,TLSv1.2,153,Application Data,,,,,,,,,,,,,
28,0.227292,20.190.148.165,192.168.1.12,TLSv1.2,105,"Change Cipher Spec, Encrypted Handshake Message",,,,,,,,,,,,,
29,0.230747,192.168.1.12,20.190.148.165,TLSv1.2,333,Application Data,,,,,,,,,,,,,
30,0.230849,192.168.1.12,20.190.148.165,TLSv1.2,6908,Application Data,,,,,,,,,,,,,
31,0.270517,4.213.25.242,192.168.1.12,TLSv1.2,223,Application Data,,,,,,,,,,,,,
34,0.296389,192.168.1.12,35.186.224.24,TCP,62,58656  >  443 [SYN] Seq=0 Win=64240 Len=0 MSS=1460 SACK_PERM,,,,,,,,,,,,,
35,0.298613,192.168.1.12,35.186.224.24,TCP,62,58657  >  443 [SYN] Seq=0 Win=64240 Len=0 MSS=1460 SACK_PERM,,,,,,,,,,,,,
36,0.305372,192.168.1.12,35.186.224.24,TCP,62,58658  >  443 [SYN] Seq=0 Win=64240 Len=0 MSS=1460 SACK_PERM,,,,,,,,,,,,,
37,0.313694,192.168.1.12,4.213.25.242,TCP,54,51215  >  443 [ACK] Seq=100 Ack=170 Win=63896 Len=0,,,,,,,,,,,,,
38,0.315038,192.168.1.12,35.186.224.24,TCP,62,58659  >  443 [SYN] Seq=0 Win=64240 Len=0 MSS=1460 SACK_PERM,,,,,,,,,,,,,
39,0.317249,192.168.1.12,35.186.224.24,TCP,62,58660  >  443 [SYN] Seq=0 Win=64240 Len=0 MSS=1460 SACK_PERM,,,,,,,,,,,,,
40,0.317677,35.186.224.24,192.168.1.12,TCP,62,"443  >  58656 [SYN, ACK] Seq=0 Ack=1 Win=65535 Len=0 MSS=1412 SACK_PERM",,,,,,,,,,,,,
41,0.317739,192.168.1.12,35.186.224.24,TCP,54,58656  >  443 [ACK] Seq=1 Ack=1 Win=64240 Len=0,,,,,,,,,,,,,
42,0.318265,192.168.1.12,35.186.224.24,TLSv1.2,242,Client Hello (SNI=spclient.wg.spotify.com),,,,,,,,,,,,,
43,0.319505,20.190.148.165,192.168.1.12,TCP,56,443  >  58655 [ACK] Seq=4008 Ack=2079 Win=64952 Len=0,,,,,,,,,,,,,
44,0.327924,35.186.224.24,192.168.1.12,TCP,62,"443  >  58657 [SYN, ACK] Seq=0 Ack=1 Win=65535 Len=0 MSS=1412 SACK_PERM",,,,,,,,,,,,,
45,0.327924,35.186.224.24,192.168.1.12,TCP,62,"443  >  58658 [SYN, ACK] Seq=0 Ack=1 Win=65535 Len=0 MSS=1412 SACK_PERM",,,,,,,,,,,,,
46,0.327996,192.168.1.12,35.186.224.24,TCP,54,58657  >  443 [ACK] Seq=1 Ack=1 Win=64240 Len=0,,,,,,,,,,,,,
47,0.328036,192.168.1.12,35.186.224.24,TCP,54,58658  >  443 [ACK] Seq=1 Ack=1 Win=64240 Len=0,,,,,,,,,,,,,
48,0.328655,192.168.1.12,35.186.224.24,TLSv1.2,242,Client Hello (SNI=spclient.wg.spotify.com),,,,,,,,,,,,,
49,0.328728,192.168.1.12,35.186.224.24,TLSv1.2,242,Client Hello (SNI=spclient.wg.spotify.com),,,,,,,,,,,,,
50,0.332421,20.190.148.165,192.168.1.12,TCP,56,443  >  58655 [ACK] Seq=4008 Ack=6315 Win=64952 Len=0,,,,,,,,,,,,,
51,0.335729,20.190.148.165,192.168.1.12,TCP,56,443  >  58655 [ACK] Seq=4008 Ack=7521 Win=63746 Len=0,,,,,,,,,,,,,
52,0.336461,35.186.224.24,192.168.1.12,TCP,62,"443  >  58659 [SYN, ACK] Seq=0 Ack=1 Win=65535 Len=0 MSS=1412 SACK_PERM",,,,,,,,,,,,,
53,0.336538,192.168.1.12,35.186.224.24,TCP,54,58659  >  443 [ACK] Seq=1 Ack=1 Win=64240 Len=0,,,,,,,,,,,,,
54,0.337181,192.168.1.12,35.186.224.24,TLSv1.2,242,Client Hello (SNI=spclient.wg.spotify.com),,,,,,,,,,,,,
55,0.346969,35.186.224.24,192.168.1.12,TCP,62,"443  >  58660 [SYN, ACK] Seq=0 Ack=1 Win=65535 Len=0 MSS=1412 SACK_PERM",,,,,,,,,,,,,
56,0.346969,35.186.224.24,192.168.1.12,TCP,54,443  >  58656 [ACK] Seq=1 Ack=189 Win=65535 Len=0,,,,,,,,,,,,,
57,0.346969,35.186.224.24,192.168.1.12,TLSv1.2,1466,Server Hello,,,,,,,,,,,,,
58,0.347086,192.168.1.12,35.186.224.24,TCP,54,58660  >  443 [ACK] Seq=1 Ack=1 Win=64240 Len=0,,,,,,,,,,,,,
59,0.347767,35.186.224.24,192.168.1.12,TCP,1466,"443  >  58656 [PSH, ACK] Seq=1413 Ack=189 Win=65535 Len=1412 [TCP PDU reassembled in 62]",,,,,,,,,,,,,
60,0.347806,192.168.1.12,35.186.224.24,TCP,54,58656  >  443 [ACK] Seq=189 Ack=2825 Win=64952 Len=0,,,,,,,,,,,,,
61,0.348023,192.168.1.12,35.186.224.24,TLSv1.2,242,Client Hello (SNI=spclient.wg.spotify.com),,,,,,,,,,,,,
62,0.348604,35.186.224.24,192.168.1.12,TLSv1.2,611,"Certificate, Server Key Exchange, Server Hello Done",,,,,,,,,,,,,
63,0.351524,35.186.224.24,192.168.1.12,TCP,54,443  >  58658 [ACK] Seq=1 Ack=189 Win=65535 Len=0,,,,,,,,,,,,,
64,0.35219,192.168.1.12,35.186.224.24,TLSv1.2,147,"Client Key Exchange, Change Cipher Spec, Encrypted Handshake Message",,,,,,,,,,,,,
65,0.356369,35.186.224.24,192.168.1.12,TCP,54,443  >  58657 [ACK] Seq=1 Ack=189 Win=65535 Len=0,,,,,,,,,,,,,
66,0.356369,35.186.224.24,192.168.1.12,TLSv1.2,1466,Server Hello,,,,,,,,,,,,,
67,0.361371,35.186.224.24,192.168.1.12,TLSv1.2,1466,Server Hello,,,,,,,,,,,,,
68,0.361371,35.186.224.24,192.168.1.12,TCP,1466,"443  >  58658 [PSH, ACK] Seq=1413 Ack=189 Win=65535 Len=1412 [TCP PDU reassembled in 73]",,,,,,,,,,,,,
69,0.361371,35.186.224.24,192.168.1.12,TCP,1466,"443  >  58657 [PSH, ACK] Seq=1413 Ack=189 Win=65535 Len=1412 [TCP PDU reassembled in 72]",,,,,,,,,,,,,
70,0.361732,192.168.1.12,35.186.224.24,TCP,54,58657  >  443 [ACK] Seq=189 Ack=2825 Win=64952 Len=0,,,,,,,,,,,,,
71,0.36207,192.168.1.12,35.186.224.24,TCP,54,58658  >  443 [ACK] Seq=189 Ack=2825 Win=64952 Len=0,,,,,,,,,,,,,
72,0.368479,35.186.224.24,192.168.1.12,TLSv1.2,611,"Certificate, Server Key Exchange, Server Hello Done",,,,,,,,,,,,,
73,0.368479,35.186.224.24,192.168.1.12,TLSv1.2,611,"Certificate, Server Key Exchange, Server Hello Done",,,,,,,,,,,,,
74,0.368479,35.186.224.24,192.168.1.12,TCP,54,443  >  58659 [ACK] Seq=1 Ack=189 Win=65535 Len=0,,,,,,,,,,,,,
75,0.368479,35.186.224.24,192.168.1.12,TLSv1.2,1466,Server Hello,,,,,,,,,,,,,
76,0.369652,192.168.1.12,35.186.224.24,TLSv1.2,147,"Client Key Exchange, Change Cipher Spec, Encrypted Handshake Message",,,,,,,,,,,,,
77,0.369686,192.168.1.12,35.186.224.24,TLSv1.2,147,"Client Key Exchange, Change Cipher Spec, Encrypted Handshake Message",,,,,,,,,,,,,
78,0.373877,35.186.224.24,192.168.1.12,TCP,1466,"443  >  58659 [PSH, ACK] Seq=1413 Ack=189 Win=65535 Len=1412 [TCP PDU reassembled in 79]",,,,,,,,,,,,,
79,0.373877,35.186.224.24,192.168.1.12,TLSv1.2,611,"Certificate, Server Key Exchange, Server Hello Done",,,,,,,,,,,,,
80,0.373877,35.186.224.24,192.168.1.12,TCP,54,443  >  58660 [ACK] Seq=1 Ack=189 Win=65535 Len=0,,,,,,,,,,,,,
81,0.373911,192.168.1.12,35.186.224.24,TCP,54,58659  >  443 [ACK] Seq=189 Ack=3382 Win=64952 Len=0,,,,,,,,,,,,,
82,0.374998,192.168.1.12,35.186.224.24,TLSv1.2,147,"Client Key Exchange, Change Cipher Spec, Encrypted Handshake Message",,,,,,,,,,,,,
83,0.426467,35.186.224.24,192.168.1.12,TLSv1.2,365,"New Session Ticket, Change Cipher Spec, Encrypted Handshake Message",,,,,,,,,,,,,
84,0.426467,35.186.224.24,192.168.1.12,TLSv1.2,365,"New Session Ticket, Change Cipher Spec, Encrypted Handshake Message",,,,,,,,,,,,,
85,0.431763,192.168.1.12,35.186.224.24,TLSv1.2,266,Application Data,,,,,,,,,,,,,
86,0.431763,192.168.1.12,35.186.224.24,TLSv1.2,266,Application Data,,,,,,,,,,,,,
87,0.466384,35.186.224.24,192.168.1.12,TLSv1.2,1466,Server Hello,,,,,,,,,,,,,
88,0.466384,35.186.224.24,192.168.1.12,TCP,1466,"443  >  58660 [PSH, ACK] Seq=1413 Ack=189 Win=65535 Len=1412 [TCP PDU reassembled in 89]",,,,,,,,,,,,,
89,0.466384,35.186.224.24,192.168.1.12,TLSv1.2,611,"Certificate, Server Key Exchange, Server Hello Done",,,,,,,,,,,,,
90,0.466384,35.186.224.24,192.168.1.12,TCP,611,"[TCP Retransmission] 443  >  58660 [PSH, ACK] Seq=2825 Ack=189 Win=65535 Len=557",,,,,,,,,,,,,
91,0.466457,192.168.1.12,35.186.224.24,TCP,66,58660  >  443 [ACK] Seq=189 Ack=3382 Win=64952 Len=0 SLE=2825 SRE=3382,,,,,,,,,,,,,
92,0.467991,192.168.1.12,35.186.224.24,TLSv1.2,147,"Client Key Exchange, Change Cipher Spec, Encrypted Handshake Message",,,,,,,,,,,,,
93,0.478417,35.186.224.24,192.168.1.12,TCP,56,443  >  58657 [ACK] Seq=3693 Ack=494 Win=65535 Len=0,,,,,,,,,,,,,
94,0.478417,35.186.224.24,192.168.1.12,TLSv1.2,365,"New Session Ticket, Change Cipher Spec, Encrypted Handshake Message",,,,,,,,,,,,,
95,0.478417,35.186.224.24,192.168.1.12,TCP,56,443  >  58659 [ACK] Seq=3693 Ack=494 Win=65535 Len=0,,,,,,,,,,,,,
96,0.481296,192.168.1.12,35.186.224.24,TLSv1.2,266,Application Data,,,,,,,,,,,,,
97,0.587973,35.186.224.24,192.168.1.12,TLSv1.2,365,"New Session Ticket, Change Cipher Spec, Encrypted Handshake Message",,,,,,,,,,,,,
98,0.587973,35.186.224.24,192.168.1.12,TLSv1.2,1466,Application Data,,,,,,,,,,,,,
99,0.587973,35.186.224.24,192.168.1.12,TLSv1.2,267,Application Data,,,,,,,,,,,,,
100,0.587973,35.186.224.24,192.168.1.12,TLSv1.2,760,Application Data,,,,,,,,,,,,,
101,0.587973,35.186.224.24,192.168.1.12,TLSv1.2,1466,Application Data,,,,,,,,,,,,,
102,0.587973,35.186.224.24,192.168.1.12,TLSv1.2,266,Application Data,,,,,,,,,,,,,
103,0.587973,35.186.224.24,192.168.1.12,TLSv1.2,700,Application Data,,,,,,,,,,,,,
104,0.587973,35.186.224.24,192.168.1.12,TLSv1.2,365,"New Session Ticket, Change Cipher Spec, Encrypted Handshake Message",,,,,,,,,,,,,
105,0.587973,20.190.148.165,192.168.1.12,TCP,1466,443  >  58655 [ACK] Seq=4008 Ack=7521 Win=63746 Len=1412 [TCP PDU reassembled in 115],,,,,,,,,,,,,
106,0.587973,20.190.148.165,192.168.1.12,TCP,1466,443  >  58655 [ACK] Seq=5420 Ack=7521 Win=63746 Len=1412 [TCP PDU reassembled in 115],,,,,,,,,,,,,
107,0.587973,20.190.148.165,192.168.1.12,TCP,1466,443  >  58655 [ACK] Seq=6832 Ack=7521 Win=63746 Len=1412 [TCP PDU reassembled in 115],,,,,,,,,,,,,
108,0.587973,20.190.148.165,192.168.1.12,TCP,1466,443  >  58655 [ACK] Seq=8244 Ack=7521 Win=63746 Len=1412 [TCP PDU reassembled in 115],,,,,,,,,,,,,
109,0.587973,20.190.148.165,192.168.1.12,TCP,1466,443  >  58655 [ACK] Seq=9656 Ack=7521 Win=63746 Len=1412 [TCP PDU reassembled in 115],,,,,,,,,,,,,
110,0.587973,20.190.148.165,192.168.1.12,TCP,1466,443  >  58655 [ACK] Seq=11068 Ack=7521 Win=63746 Len=1412 [TCP PDU reassembled in 115],,,,,,,,,,,,,
111,0.587973,20.190.148.165,192.168.1.12,TCP,1466,443  >  58655 [ACK] Seq=12480 Ack=7521 Win=63746 Len=1412 [TCP PDU reassembled in 115],,,,,,,,,,,,,
112,0.587973,20.190.148.165,192.168.1.12,TCP,1466,443  >  58655 [ACK] Seq=13892 Ack=7521 Win=63746 Len=1412 [TCP PDU reassembled in 115],,,,,,,,,,,,,
113,0.587973,20.190.148.165,192.168.1.12,TCP,1466,443  >  58655 [ACK] Seq=15304 Ack=7521 Win=63746 Len=1412 [TCP PDU reassembled in 115],,,,,,,,,,,,,
114,0.587973,20.190.148.165,192.168.1.12,TCP,1466,443  >  58655 [ACK] Seq=16716 Ack=7521 Win=63746 Len=1412 [TCP PDU reassembled in 115],,,,,,,,,,,,,
115,0.587973,20.190.148.165,192.168.1.12,TLSv1.2,1102,Application Data,,,,,,,,,,,,,
116,0.587973,35.186.224.24,192.168.1.12,TCP,56,443  >  58656 [ACK] Seq=3693 Ack=494 Win=65535 Len=0,,,,,,,,,,,,,
117,0.587973,35.186.224.24,192.168.1.12,TCP,700,"[TCP Retransmission] 443  >  58659 [PSH, ACK] Seq=5317 Ack=494 Win=65535 Len=646",,,,,,,,,,,,,
118,0.588115,192.168.1.12,35.186.224.24,TCP,66,58659  >  443 [ACK] Seq=494 Ack=5963 Win=64952 Len=0 SLE=5317 SRE=5963,,,,,,,,,,,,,
119,0.588182,192.168.1.12,35.186.224.24,TCP,54,58657  >  443 [ACK] Seq=494 Ack=6024 Win=64952 Len=0,,,,,,,,,,,,,
120,0.588201,192.168.1.12,20.190.148.165,TCP,54,58655  >  443 [ACK] Seq=7521 Ack=19176 Win=64952 Len=0,,,,,,,,,,,,,
121,0.590925,192.168.1.12,35.186.224.24,TLSv1.2,266,Application Data,,,,,,,,,,,,,
122,0.590925,192.168.1.12,35.186.224.24,TLSv1.2,266,Application Data,,,,,,,,,,,,,
123,0.591929,35.186.224.24,192.168.1.12,TCP,760,"[TCP Spurious Retransmission] 443  >  58657 [PSH, ACK] Seq=5318 Ack=494 Win=65535 Len=706",,,,,,,,,,,,,
124,0.592008,192.168.1.12,35.186.224.24,TCP,66,[TCP Dup ACK 119#1] 58657  >  443 [ACK] Seq=494 Ack=6024 Win=64952 Len=0 SLE=5318 SRE=6024,,,,,,,,,,,,,
126,0.62588,35.186.224.24,192.168.1.12,TCP,56,443  >  58658 [ACK] Seq=3693 Ack=494 Win=65535 Len=0,,,,,,,,,,,,,
127,0.62588,35.186.224.24,192.168.1.12,TCP,56,443  >  58660 [ACK] Seq=3693 Ack=494 Win=65535 Len=0,,,,,,,,,,,,,
128,0.63895,35.186.224.24,192.168.1.12,TLSv1.2,1466,Application Data,,,,,,,,,,,,,
129,0.641224,35.186.224.24,192.168.1.12,TLSv1.2,944,Application Data,,,,,,,,,,,,,
130,0.641274,192.168.1.12,35.186.224.24,TCP,54,58656  >  443 [ACK] Seq=494 Ack=5995 Win=64952 Len=0,,,,,,,,,,,,,
132,0.65632,192.168.1.12,52.123.128.14,TCP,62,58661  >  443 [SYN] Seq=0 Win=64240 Len=0 MSS=1460 SACK_PERM,,,,,,,,,,,,,
133,0.698222,52.123.128.14,192.168.1.12,TCP,62,"443  >  58661 [SYN, ACK] Seq=0 Ack=1 Win=64952 Len=0 MSS=1412 SACK_PERM",,,,,,,,,,,,,
134,0.698326,192.168.1.12,52.123.128.14,TCP,54,58661  >  443 [ACK] Seq=1 Ack=1 Win=64240 Len=0,,,,,,,,,,,,,
135,0.698671,192.168.1.12,52.123.128.14,TLSv1.2,233,Client Hello (SNI=ecs.office.com),,,,,,,,,,,,,
136,0.728023,52.123.128.14,192.168.1.12,TCP,54,443  >  58661 [ACK] Seq=1 Ack=180 Win=64773 Len=0,,,,,,,,,,,,,
137,0.728023,52.123.128.14,192.168.1.12,TCP,1466,443  >  58661 [ACK] Seq=1 Ack=180 Win=64773 Len=1412 [TCP PDU reassembled in 141],,,,,,,,,,,,,
138,0.728023,52.123.128.14,192.168.1.12,TCP,1466,443  >  58661 [ACK] Seq=1413 Ack=180 Win=64773 Len=1412 [TCP PDU reassembled in 141],,,,,,,,,,,,,
139,0.728023,52.123.128.14,192.168.1.12,TCP,1466,443  >  58661 [ACK] Seq=2825 Ack=180 Win=64773 Len=1412 [TCP PDU reassembled in 141],,,,,,,,,,,,,
140,0.728023,52.123.128.14,192.168.1.12,TCP,1466,443  >  58661 [ACK] Seq=4237 Ack=180 Win=64773 Len=1412 [TCP PDU reassembled in 141],,,,,,,,,,,,,
141,0.728023,52.123.128.14,192.168.1.12,TLSv1.2,377,"Server Hello, Certificate, Certificate Status, Server Key Exchange, Server Hello Done",,,,,,,,,,,,,
142,0.728134,192.168.1.12,52.123.128.14,TCP,54,58661  >  443 [ACK] Seq=180 Ack=5972 Win=64952 Len=0,,,,,,,,,,,,,
143,0.734849,35.186.224.24,192.168.1.12,TLSv1.2,1466,Application Data,,,,,,,,,,,,,
144,0.734849,35.186.224.24,192.168.1.12,TLSv1.2,269,Application Data,,,,,,,,,,,,,
145,0.734941,192.168.1.12,35.186.224.24,TCP,54,58658  >  443 [ACK] Seq=494 Ack=5320 Win=64952 Len=0,,,,,,,,,,,,,
146,0.735022,192.168.1.12,52.123.128.14,TLSv1.2,212,"Client Key Exchange, Change Cipher Spec, Encrypted Handshake Message",,,,,,,,,,,,,
147,0.735103,192.168.1.12,192.168.1.10,TCP,164,"51210  >  8009 [PSH, ACK] Seq=1 Ack=1 Win=64240 Len=110",,,,,,,,,,,,,
148,0.738055,35.186.224.24,192.168.1.12,TLSv1.2,697,Application Data,,,,,,,,,,,,,
149,0.754194,192.168.1.10,192.168.1.12,TCP,164,"8009  >  51210 [PSH, ACK] Seq=1 Ack=111 Win=65535 Len=110",,,,,,,,,,,,,
150,0.754194,35.186.224.24,192.168.1.12,TLSv1.2,1466,Application Data,,,,,,,,,,,,,
151,0.754194,35.186.224.24,192.168.1.12,TLSv1.2,877,Application Data,,,,,,,,,,,,,
152,0.75458,192.168.1.12,35.186.224.24,TCP,54,58660  >  443 [ACK] Seq=494 Ack=5928 Win=64952 Len=0,,,,,,,,,,,,,
153,0.760397,35.186.224.24,192.168.1.12,TCP,877,"[TCP Spurious Retransmission] 443  >  58660 [PSH, ACK] Seq=5105 Ack=494 Win=65535 Len=823",,,,,,,,,,,,,
154,0.760455,192.168.1.12,35.186.224.24,TCP,66,[TCP Dup ACK 152#1] 58660  >  443 [ACK] Seq=494 Ack=5928 Win=64952 Len=0 SLE=5105 SRE=5928,,,,,,,,,,,,,
155,0.766094,52.123.128.14,192.168.1.12,TCP,56,443  >  58661 [ACK] Seq=5972 Ack=338 Win=64615 Len=0,,,,,,,,,,,,,
156,0.766094,52.123.128.14,192.168.1.12,TLSv1.2,396,"New Session Ticket, Change Cipher Spec, Encrypted Handshake Message",,,,,,,,,,,,,
157,0.770587,192.168.1.12,52.123.128.14,TLSv1.2,389,Application Data,,,,,,,,,,,,,
159,0.781526,192.168.1.12,35.186.224.24,TCP,54,58658  >  443 [ACK] Seq=494 Ack=5963 Win=64309 Len=0,,,,,,,,,,,,,
160,0.801493,192.168.1.12,192.168.1.10,TCP,54,51210  >  8009 [ACK] Seq=111 Ack=111 Win=64130 Len=0,,,,,,,,,,,,,
162,0.803953,192.168.1.12,52.109.56.129,TCP,62,58662  >  443 [SYN] Seq=0 Win=64240 Len=0 MSS=1460 SACK_PERM,,,,,,,,,,,,,
163,0.817892,192.168.1.12,20.189.173.18,TLSv1.2,1259,Application Data,,,,,,,,,,,,,
164,0.818325,192.168.1.12,20.189.173.18,TLSv1.2,12109,Application Data,,,,,,,,,,,,,
165,0.81873,52.123.128.14,192.168.1.12,TCP,56,443  >  58661 [ACK] Seq=6314 Ack=673 Win=64280 Len=0,,,,,,,,,,,,,
166,0.881656,52.109.56.129,192.168.1.12,TCP,62,"443  >  58662 [SYN, ACK] Seq=0 Ack=1 Win=64952 Len=0 MSS=1412 SACK_PERM",,,,,,,,,,,,,
167,0.88205,192.168.1.12,52.109.56.129,TCP,54,58662  >  443 [ACK] Seq=1 Ack=1 Win=64240 Len=0,,,,,,,,,,,,,
168,0.883062,192.168.1.12,52.109.56.129,TLSv1.2,246,Client Hello (SNI=roaming.officeapps.live.com),,,,,,,,,,,,,
169,0.968346,52.109.56.129,192.168.1.12,TCP,1466,443  >  58662 [ACK] Seq=1 Ack=193 Win=64760 Len=1412 [TCP PDU reassembled in 174],,,,,,,,,,,,,
170,0.977544,52.109.56.129,192.168.1.12,TCP,1466,443  >  58662 [ACK] Seq=1413 Ack=193 Win=64760 Len=1412 [TCP PDU reassembled in 174],,,,,,,,,,,,,
171,0.977709,192.168.1.12,52.109.56.129,TCP,54,58662  >  443 [ACK] Seq=193 Ack=2825 Win=64952 Len=0,,,,,,,,,,,,,
172,0.997501,52.109.56.129,192.168.1.12,TCP,1466,443  >  58662 [ACK] Seq=2825 Ack=193 Win=64760 Len=1412 [TCP PDU reassembled in 174],,,,,,,,,,,,,
173,0.997501,52.109.56.129,192.168.1.12,TCP,1466,443  >  58662 [ACK] Seq=4237 Ack=193 Win=64760 Len=1412 [TCP PDU reassembled in 174],,,,,,,,,,,,,
174,0.997501,52.109.56.129,192.168.1.12,TLSv1.2,692,"Server Hello, Certificate, Certificate Status, Server Key Exchange, Server Hello Done",,,,,,,,,,,,,
175,0.997649,192.168.1.12,52.109.56.129,TCP,54,58662  >  443 [ACK] Seq=193 Ack=6287 Win=64952 Len=0,,,,,,,,,,,,,
176,1.019887,52.123.128.14,192.168.1.12,TCP,1466,443  >  58661 [ACK] Seq=6314 Ack=673 Win=64280 Len=1412 [TCP PDU reassembled in 178],,,,,,,,,,,,,1.02E-06
177,1.019887,52.123.128.14,192.168.1.12,TCP,1466,443  >  58661 [ACK] Seq=7726 Ack=673 Win=64280 Len=1412 [TCP PDU reassembled in 178],,,,,,,,,,,,,1.02E-06
178,1.019887,52.123.128.14,192.168.1.12,TLSv1.2,205,Application Data,,,,,,,,,,,,,1.02E-06
179,1.020253,192.168.1.12,52.109.56.129,TLSv1.2,212,"Client Key Exchange, Change Cipher Spec, Encrypted Handshake Message",,,,,,,,,,,,,1.02E-06
180,1.020534,192.168.1.12,52.123.128.14,TCP,54,58661  >  443 [ACK] Seq=673 Ack=9289 Win=64952 Len=0,,,,,,,,,,,,,1.02E-06
181,1.024833,20.189.173.18,192.168.1.12,TLSv1.2,101,Application Data,,,,,,,,,,,,,1.02E-06
182,1.025145,192.168.1.12,20.189.173.18,TCP,54,58649  >  443 [ACK] Seq=13261 Ack=48 Win=64500 Len=0,,,,,,,,,,,,,1.03E-06
183,1.040828,20.189.173.18,192.168.1.12,TCP,56,443  >  58649 [ACK] Seq=48 Ack=2618 Win=64952 Len=0,,,,,,,,,,,,,1.04E-06
184,1.040828,52.123.128.14,192.168.1.12,TCP,1466,"[TCP Spurious Retransmission] 443  >  58661 [PSH, ACK] Seq=7877 Ack=673 Win=64280 Len=1412 [TCP PDU reassembled in 178]",,,,,,,,,,,,,1.04E-06
185,1.040828,20.189.173.18,192.168.1.12,TCP,56,443  >  58649 [ACK] Seq=48 Ack=4030 Win=64952 Len=0,,,,,,,,,,,,,1.04E-06
186,1.040828,20.189.173.18,192.168.1.12,TCP,56,443  >  58649 [ACK] Seq=48 Ack=5442 Win=64952 Len=0,,,,,,,,,,,,,1.04E-06
187,1.040905,192.168.1.12,52.123.128.14,TCP,66,[TCP Dup ACK 180#1] 58661  >  443 [ACK] Seq=673 Ack=9289 Win=64952 Len=0 SLE=7877 SRE=9289,,,,,,,,,,,,,1.04E-06
188,1.048467,20.189.173.18,192.168.1.12,TCP,56,443  >  58649 [ACK] Seq=48 Ack=6854 Win=64952 Len=0,,,,,,,,,,,,,1.05E-06
189,1.048467,20.189.173.18,192.168.1.12,TCP,56,443  >  58649 [ACK] Seq=48 Ack=8266 Win=64952 Len=0,,,,,,,,,,,,,1.05E-06
190,1.050874,20.189.173.18,192.168.1.12,TCP,56,443  >  58649 [ACK] Seq=48 Ack=9678 Win=64952 Len=0,,,,,,,,,,,,,1.05E-06
191,1.055119,20.189.173.18,192.168.1.12,TCP,56,443  >  58649 [ACK] Seq=48 Ack=11090 Win=64952 Len=0,,,,,,,,,,,,,1.06E-06
192,1.059554,20.189.173.18,192.168.1.12,TCP,56,443  >  58649 [ACK] Seq=48 Ack=12502 Win=64952 Len=0,,,,,,,,,,,,,1.06E-06
193,1.081841,20.189.173.18,192.168.1.12,TLSv1.2,503,Application Data,,,,,,,,,,,,,1.08E-06
194,1.081923,192.168.1.12,20.189.173.18,TCP,54,58649  >  443 [ACK] Seq=13261 Ack=497 Win=65535 Len=0,,,,,,,,,,,,,1.08E-06
195,1.083581,192.168.1.12,20.189.173.18,TLSv1.2,1183,Application Data,,,,,,,,,,,,,1.08E-06
196,1.083705,192.168.1.12,20.189.173.18,TLSv1.2,4643,Application Data,,,,,,,,,,,,,1.08E-06
197,1.122774,52.109.56.129,192.168.1.12,TLSv1.2,105,"Change Cipher Spec, Encrypted Handshake Message",,,,,,,,,,,,,1.12E-06
198,1.124315,192.168.1.12,52.109.56.129,TLSv1.2,400,Application Data,,,,,,,,,,,,,1.12E-06
199,1.124557,192.168.1.12,52.109.56.129,TLSv1.2,2409,Application Data,,,,,,,,,,,,,1.12E-06
200,1.395234,52.109.56.129,192.168.1.12,TCP,105,"[TCP Spurious Retransmission] 443  >  58662 [PSH, ACK] Seq=6287 Ack=351 Win=64602 Len=51",,,,,,,,,,,,,1.40E-06
201,1.395263,192.168.1.12,52.109.56.129,TCP,66,[TCP Dup ACK 198#1] 58662  >  443 [ACK] Seq=3052 Ack=6338 Win=64901 Len=0 SLE=6287 SRE=6338,,,,,,,,,,,,,1.40E-06
202,1.404554,52.109.56.129,192.168.1.12,TCP,56,443  >  58662 [ACK] Seq=6338 Ack=2109 Win=64952 Len=0,,,,,,,,,,,,,1.40E-06
203,1.462227,52.109.56.129,192.168.1.12,TCP,56,443  >  58662 [ACK] Seq=6338 Ack=3052 Win=64009 Len=0,,,,,,,,,,,,,1.46E-06
204,1.468213,192.168.1.12,20.189.173.18,TCP,1466,"[TCP Retransmission] 58649  >  443 [PSH, ACK] Seq=17567 Ack=497 Win=65535 Len=1412",,,,,,,,,,,,,1.47E-06
205,1.558331,52.109.56.129,192.168.1.12,TCP,1466,443  >  58662 [ACK] Seq=6338 Ack=3052 Win=64009 Len=1412 [TCP PDU reassembled in 206],,,,,,,,,,,,,1.56E-06
206,1.558331,52.109.56.129,192.168.1.12,TLSv1.2,333,Application Data,,,,,,,,,,,,,1.56E-06
207,1.558422,192.168.1.12,52.109.56.129,TCP,54,58662  >  443 [ACK] Seq=3052 Ack=8029 Win=64952 Len=0,,,,,,,,,,,,,1.56E-06
208,1.670181,20.189.173.18,192.168.1.12,TCP,66,[TCP Dup ACK 193#1] 443  >  58649 [ACK] Seq=497 Ack=13261 Win=64193 Len=0 SLE=17567 SRE=18979,,,,,,,,,,,,,1.67E-06
209,1.670309,192.168.1.12,20.189.173.18,TCP,1466,"[TCP Retransmission] 58649  >  443 [PSH, ACK] Seq=13261 Ack=497 Win=65535 Len=1412",,,,,,,,,,,,,1.67E-06
210,1.670414,192.168.1.12,20.189.173.18,TCP,1466,[TCP Retransmission] 58649  >  443 [ACK] Seq=14673 Ack=497 Win=65535 Len=1412,,,,,,,,,,,,,1.67E-06
211,1.670414,192.168.1.12,20.189.173.18,TCP,1466,[TCP Retransmission] 58649  >  443 [ACK] Seq=16085 Ack=497 Win=65535 Len=1412,,,,,,,,,,,,,1.67E-06
212,1.873522,20.189.173.18,192.168.1.12,TCP,66,443  >  58649 [ACK] Seq=497 Ack=14673 Win=64952 Len=0 SLE=17567 SRE=18979,,,,,,,,,,,,,1.87E-06
213,1.873522,20.189.173.18,192.168.1.12,TCP,66,443  >  58649 [ACK] Seq=497 Ack=16085 Win=64952 Len=0 SLE=17567 SRE=18979,,,,,,,,,,,,,1.87E-06
214,1.873601,192.168.1.12,20.189.173.18,TCP,124,[TCP Retransmission] 58649  >  443 [ACK] Seq=17497 Ack=497 Win=65535 Len=70,,,,,,,,,,,,,1.87E-06
215,1.893778,20.189.173.18,192.168.1.12,TLSv1.2,101,Application Data,,2.10E-06,,,,,,,,,,,1.89E-06
216,1.893778,20.189.173.18,192.168.1.12,TCP,66,443  >  58649 [ACK] Seq=544 Ack=17497 Win=64952 Len=0 SLE=17567 SRE=18979,,,,,,,,,,,,,1.89E-06
217,1.893933,192.168.1.12,20.189.173.18,TCP,54,58649  >  443 [ACK] Seq=18979 Ack=544 Win=65488 Len=0,,,,,,,,,,,,,1.89E-06
218,1.928037,192.168.1.12,20.190.148.165,TLSv1.2,333,Application Data,,,,,,,,,,,,,1.93E-06
219,1.928171,192.168.1.12,20.190.148.165,TLSv1.2,6637,Application Data,,,,,,,,,,,,,1.93E-06
233,2.081366,20.190.148.165,192.168.1.12,TCP,56,443  >  58573 [ACK] Seq=11141 Ack=1692 Win=64952 Len=0,,,,,,,,,,,,,2.08E-06
235,2.081366,20.190.148.165,192.168.1.12,TCP,56,443  >  58573 [ACK] Seq=11141 Ack=4516 Win=64952 Len=0,,,,,,,,,,,,,2.08E-06
236,2.081366,20.190.148.165,192.168.1.12,TCP,56,443  >  58573 [ACK] Seq=11141 Ack=6863 Win=64952 Len=0,,,,,,,,,,,,,2.08E-06
237,2.081366,20.189.173.18,192.168.1.12,TCP,56,443  >  58649 [ACK] Seq=544 Ack=18979 Win=64952 Len=0,,,,,,,,,,,,,2.08E-06
239,2.094647,20.189.173.18,192.168.1.12,TLSv1.2,500,Application Data,,,,,,,,,,,,,2.09E-06
240,2.094758,192.168.1.12,20.189.173.18,TCP,54,58649  >  443 [ACK] Seq=18979 Ack=990 Win=65042 Len=0,,,,,,,,,,,,,2.09E-06
241,2.097312,192.168.1.12,20.189.173.18,TLSv1.2,1183,Application Data,,,,,,,,,,,,,2.10E-06
242,2.097495,192.168.1.12,20.189.173.18,TLSv1.2,6083,Application Data,,,,,,,,,,,,,2.10E-06
243,2.110015,192.168.1.12,52.182.143.208,TCP,54,"58642  >  443 [RST, ACK] Seq=5314 Ack=495 Win=0 Len=0",,,,,,,,,,,,,2.11E-06
274,2.228541,20.190.148.165,192.168.1.12,TCP,1466,443  >  58573 [ACK] Seq=11141 Ack=6863 Win=64952 Len=1412 [TCP PDU reassembled in 281],,,,,,,,,,,,,2.23E-06
275,2.228541,20.190.148.165,192.168.1.12,TCP,1466,443  >  58573 [ACK] Seq=12553 Ack=6863 Win=64952 Len=1412 [TCP PDU reassembled in 281],,,,,,,,,,,,,2.23E-06
276,2.228643,192.168.1.12,20.190.148.165,TCP,54,58573  >  443 [ACK] Seq=6863 Ack=13965 Win=64952 Len=0,,,,,,,,,,,,,2.23E-06
279,2.231478,20.190.148.165,192.168.1.12,TCP,1466,443  >  58573 [ACK] Seq=13965 Ack=6863 Win=64952 Len=1412 [TCP PDU reassembled in 281],,,,,,,,,,,,,2.23E-06
280,2.238457,20.190.148.165,192.168.1.12,TCP,1466,443  >  58573 [ACK] Seq=15377 Ack=6863 Win=64952 Len=1412 [TCP PDU reassembled in 281],,,,,,,,,,,,,2.24E-06
281,2.238457,20.190.148.165,192.168.1.12,TLSv1.2,1195,Application Data,,,,,,,,,,,,,2.24E-06
282,2.238546,192.168.1.12,20.190.148.165,TCP,54,58573  >  443 [ACK] Seq=6863 Ack=17930 Win=64952 Len=0,,,,,,,,,,,,,2.24E-06
284,2.307535,20.189.173.18,192.168.1.12,TLSv1.2,101,Application Data,,,,,,,,,,,,,2.31E-06
285,2.307535,20.189.173.18,192.168.1.12,TCP,56,443  >  58649 [ACK] Seq=1037 Ack=21520 Win=64952 Len=0,,,,,,,,,,,,,2.31E-06
286,2.307739,192.168.1.12,20.189.173.18,TCP,54,58649  >  443 [ACK] Seq=26137 Ack=1037 Win=64995 Len=0,,,,,,,,,,,,,2.31E-06
287,2.315927,20.189.173.18,192.168.1.12,TCP,56,443  >  58649 [ACK] Seq=1037 Ack=22932 Win=64952 Len=0,,,,,,,,,,,,,2.32E-06
288,2.315927,20.189.173.18,192.168.1.12,TCP,56,443  >  58649 [ACK] Seq=1037 Ack=24344 Win=64952 Len=0,,,,,,,,,,,,,2.32E-06
289,2.318816,20.189.173.18,192.168.1.12,TCP,56,443  >  58649 [ACK] Seq=1037 Ack=25756 Win=64952 Len=0,,,,,,,,,,,,,2.32E-06
290,2.337448,20.189.173.18,192.168.1.12,TLSv1.2,501,Application Data,,,,,,,,,,,,,2.34E-06
291,2.337543,192.168.1.12,20.189.173.18,TCP,54,58649  >  443 [ACK] Seq=26137 Ack=1484 Win=64548 Len=0,,,,,,,,,,,,,2.34E-06
292,2.338742,192.168.1.12,20.189.173.18,TLSv1.2,1183,Application Data,,,,,,,,,,,,,2.34E-06
293,2.338818,192.168.1.12,20.189.173.18,TLSv1.2,5238,Application Data,,,,,,,,,,,,,2.34E-06
294,2.408467,192.168.1.12,52.104.129.41,TCP,62,58663  >  443 [SYN] Seq=0 Win=64240 Len=0 MSS=1460 SACK_PERM,,,,,,,,,,,,,2.41E-06
296,2.547091,20.189.173.18,192.168.1.12,TCP,56,443  >  58649 [ACK] Seq=1484 Ack=28678 Win=64952 Len=0,,,,,,,,,,,,,2.55E-06
297,2.554251,20.189.173.18,192.168.1.12,TCP,56,443  >  58649 [ACK] Seq=1484 Ack=31502 Win=64952 Len=0,,,,,,,,,,,,,2.55E-06
298,2.572725,20.189.173.18,192.168.1.12,TLSv1.2,101,Application Data,,,,,,,,,,,,,2.57E-06
299,2.573113,192.168.1.12,20.189.173.18,TCP,54,58649  >  443 [ACK] Seq=32450 Ack=1531 Win=64501 Len=0,,,,,,,,,,,,,2.57E-06
300,2.589043,20.189.173.18,192.168.1.12,TLSv1.2,501,Application Data,,,,,,,,,,,,,2.59E-06
301,2.589112,192.168.1.12,20.189.173.18,TCP,54,58649  >  443 [ACK] Seq=32450 Ack=1978 Win=65535 Len=0,,,,,,,,,,,,,2.59E-06
302,2.591385,192.168.1.12,20.189.173.18,TLSv1.2,1183,Application Data,,,,,,,,,,,,,2.59E-06
303,2.591584,192.168.1.12,20.189.173.18,TLSv1.2,5751,Application Data,,,,,,,,,,,,,2.59E-06
304,2.595332,52.104.129.41,192.168.1.12,TCP,62,"443  >  58663 [SYN, ACK] Seq=0 Ack=1 Win=64952 Len=0 MSS=1412 SACK_PERM",,,,,,,,,,,,,2.60E-06
305,2.59567,192.168.1.12,52.104.129.41,TCP,54,58663  >  443 [ACK] Seq=1 Ack=1 Win=64240 Len=0,,,,,,,,,,,,,2.60E-06
306,2.596721,192.168.1.12,52.104.129.41,TLSv1.2,267,Client Hello (SNI=193740-ipv4fdsmte.gr.global.aa-rt.sharepoint.com),,,,,,,,,,,,,2.60E-06
307,2.659621,192.168.1.12,20.190.148.165,TLSv1.2,333,Application Data,,,,,,,,,,,,,2.66E-06
308,2.659972,192.168.1.12,20.190.148.165,TLSv1.2,6905,Application Data,,,,,,,,,,,,,2.66E-06
310,2.75135,20.190.148.165,192.168.1.12,TCP,56,443  >  58655 [ACK] Seq=19176 Ack=9212 Win=64952 Len=0,,,,,,,,,,,,,2.75E-06
311,2.766094,20.190.148.165,192.168.1.12,TCP,56,443  >  58655 [ACK] Seq=19176 Ack=12036 Win=64952 Len=0,,,,,,,,,,,,,2.77E-06
312,2.80155,20.190.148.165,192.168.1.12,TCP,56,443  >  58655 [ACK] Seq=19176 Ack=14651 Win=64952 Len=0,,,,,,,,,,,,,2.80E-06
313,2.80155,52.104.129.41,192.168.1.12,TCP,1466,443  >  58663 [ACK] Seq=1 Ack=214 Win=64739 Len=1412 [TCP PDU reassembled in 317],,,,,,,,,,,,,2.80E-06
314,2.80155,52.104.129.41,192.168.1.12,TCP,1466,443  >  58663 [ACK] Seq=1413 Ack=214 Win=64739 Len=1412 [TCP PDU reassembled in 317],,,,,,,,,,,,,2.80E-06
315,2.80155,52.104.129.41,192.168.1.12,TCP,1466,443  >  58663 [ACK] Seq=2825 Ack=214 Win=64739 Len=1412 [TCP PDU reassembled in 317],,,,,,,,,,,,,2.80E-06
316,2.80155,52.104.129.41,192.168.1.12,TCP,1466,443  >  58663 [ACK] Seq=4237 Ack=214 Win=64739 Len=1412 [TCP PDU reassembled in 317],,,,,,,,,,,,,2.80E-06
317,2.80155,52.104.129.41,192.168.1.12,TLSv1.2,394,"Server Hello, Certificate, Certificate Status, Server Key Exchange, Server Hello Done",,,,,,,,,,,,,2.80E-06
318,2.80216,192.168.1.12,52.104.129.41,TCP,54,58663  >  443 [ACK] Seq=214 Ack=5989 Win=64952 Len=0,,,,,,,,,,,,,2.80E-06
319,2.813888,20.189.173.18,192.168.1.12,TLSv1.2,101,Application Data,,,,,,,,,,,,,2.81E-06
320,2.813888,20.189.173.18,192.168.1.12,TCP,56,443  >  58649 [ACK] Seq=2025 Ack=34991 Win=64952 Len=0,,,,,,,,,,,,,2.81E-06
321,2.813888,20.189.173.18,192.168.1.12,TCP,56,443  >  58649 [ACK] Seq=2025 Ack=36403 Win=64952 Len=0,,,,,,,,,,,,,2.81E-06
322,2.813888,20.189.173.18,192.168.1.12,TCP,56,443  >  58649 [ACK] Seq=2025 Ack=37815 Win=64952 Len=0,,,,,,,,,,,,,2.81E-06
323,2.813888,20.189.173.18,192.168.1.12,TCP,56,443  >  58649 [ACK] Seq=2025 Ack=39276 Win=64952 Len=0,,,,,,,,,,,,,2.81E-06
324,2.813993,192.168.1.12,20.189.173.18,TCP,54,58649  >  443 [ACK] Seq=39276 Ack=2025 Win=65488 Len=0,,,,,,,,,,,,,2.81E-06
325,2.817796,192.168.1.12,52.104.129.41,TLSv1.2,212,"Client Key Exchange, Change Cipher Spec, Encrypted Handshake Message",,,,,,,,,,,,,2.82E-06
326,2.821557,20.189.173.18,192.168.1.12,TLSv1.2,501,Application Data,,,,,,,,,,,,,2.82E-06
327,2.821644,192.168.1.12,20.189.173.18,TCP,54,58649  >  443 [ACK] Seq=39276 Ack=2472 Win=65041 Len=0,,,,,,,,,,,,,2.82E-06
328,2.823867,192.168.1.12,20.189.173.18,TLSv1.2,1183,Application Data,,,,,,,,,,,,,2.82E-06
329,2.824098,192.168.1.12,20.189.173.18,TLSv1.2,5345,Application Data,,,,,,,,,,,,,2.82E-06
330,3.006259,20.190.148.165,192.168.1.12,TCP,1466,443  >  58655 [ACK] Seq=19176 Ack=14651 Win=64952 Len=1412 [TCP PDU reassembled in 345],,,,,,,,,,,,,3.01E-06
331,3.009935,20.190.148.165,192.168.1.12,TCP,1466,443  >  58655 [ACK] Seq=20588 Ack=14651 Win=64952 Len=1412 [TCP PDU reassembled in 345],,,,,,,,,,,,,3.01E-06
332,3.009935,52.104.129.41,192.168.1.12,TLSv1.2,105,"Change Cipher Spec, Encrypted Handshake Message",,,,,,,,,,,,,3.01E-06
333,3.009935,20.190.148.165,192.168.1.12,TCP,1466,443  >  58655 [ACK] Seq=22000 Ack=14651 Win=64952 Len=1412 [TCP PDU reassembled in 345],,,,,,,,,,,,,3.01E-06
334,3.010078,192.168.1.12,20.190.148.165,TCP,54,58655  >  443 [ACK] Seq=14651 Ack=23412 Win=64952 Len=0,,,,,,,,,,,,,3.01E-06
335,3.010429,20.190.148.165,192.168.1.12,TCP,1466,443  >  58655 [ACK] Seq=23412 Ack=14651 Win=64952 Len=1412 [TCP PDU reassembled in 345],,,,,,,,,,,,,3.01E-06
336,3.010429,20.190.148.165,192.168.1.12,TCP,1466,443  >  58655 [ACK] Seq=24824 Ack=14651 Win=64952 Len=1412 [TCP PDU reassembled in 345],,,,,,,,,,,,,3.01E-06
337,3.01046,192.168.1.12,20.190.148.165,TCP,54,58655  >  443 [ACK] Seq=14651 Ack=26236 Win=64952 Len=0,,,,,,,,,,,,,3.01E-06
338,3.011087,192.168.1.12,52.104.129.41,TLSv1.2,2807,Application Data,,,,,,,,,,,,,3.01E-06
339,3.029323,20.190.148.165,192.168.1.12,TCP,1466,443  >  58655 [ACK] Seq=26236 Ack=14651 Win=64952 Len=1412 [TCP PDU reassembled in 345],,,,,,,,,,,,,3.03E-06
340,3.029323,20.190.148.165,192.168.1.12,TCP,1466,443  >  58655 [ACK] Seq=27648 Ack=14651 Win=64952 Len=1412 [TCP PDU reassembled in 345],,,,,,,,,,,,,3.03E-06
341,3.029323,20.190.148.165,192.168.1.12,TCP,1466,443  >  58655 [ACK] Seq=29060 Ack=14651 Win=64952 Len=1412 [TCP PDU reassembled in 345],,,,,,,,,,,,,3.03E-06
342,3.029323,20.190.148.165,192.168.1.12,TCP,1466,443  >  58655 [ACK] Seq=30472 Ack=14651 Win=64952 Len=1412 [TCP PDU reassembled in 345],,,,,,,,,,,,,3.03E-06
343,3.029323,20.190.148.165,192.168.1.12,TCP,1466,443  >  58655 [ACK] Seq=31884 Ack=14651 Win=64952 Len=1412 [TCP PDU reassembled in 345],,,,,,,,,,,,,3.03E-06
344,3.029323,20.190.148.165,192.168.1.12,TCP,1466,443  >  58655 [ACK] Seq=33296 Ack=14651 Win=64952 Len=1412 [TCP PDU reassembled in 345],,,,,,,,,,,,,3.03E-06
345,3.029323,20.190.148.165,192.168.1.12,TLSv1.2,1466,Application Data,,,,,,,,,,,,,3.03E-06
346,3.029323,20.190.148.165,192.168.1.12,TCP,1466,443  >  58655 [ACK] Seq=36120 Ack=14651 Win=64952 Len=1412 [TCP PDU reassembled in 352],,,,,,,,,,,,,3.03E-06
347,3.029323,20.190.148.165,192.168.1.12,TCP,1466,443  >  58655 [ACK] Seq=37532 Ack=14651 Win=64952 Len=1412 [TCP PDU reassembled in 352],,,,,,,,,,,,,3.03E-06
348,3.029537,192.168.1.12,20.190.148.165,TCP,54,58655  >  443 [ACK] Seq=14651 Ack=38944 Win=64952 Len=0,,,,,,,,,,,,,3.03E-06
352,3.045961,20.190.148.165,192.168.1.12,TLSv1.2,923,Application Data,,,,,,,,,,,,,3.05E-06
353,3.045961,20.189.173.18,192.168.1.12,TCP,56,443  >  58649 [ACK] Seq=2472 Ack=41817 Win=64952 Len=0,,,,,,,,,,,,,3.05E-06
354,3.06321,20.189.173.18,192.168.1.12,TLSv1.2,101,Application Data,,,,,,,,,,,,,3.06E-06
355,3.06321,20.189.173.18,192.168.1.12,TCP,56,443  >  58649 [ACK] Seq=2519 Ack=43229 Win=64952 Len=0,,,,,,,,,,,,,3.06E-06
356,3.06321,20.189.173.18,192.168.1.12,TCP,56,443  >  58649 [ACK] Seq=2519 Ack=44641 Win=64952 Len=0,,,,,,,,,,,,,3.06E-06
360,3.063288,192.168.1.12,20.189.173.18,TCP,54,58649  >  443 [ACK] Seq=45696 Ack=2519 Win=64994 Len=0,,,,,,,,,,,,,3.06E-06
362,3.078476,192.168.1.12,192.168.1.10,TCP,164,"58568  >  8009 [PSH, ACK] Seq=1 Ack=1 Win=64130 Len=110",,,,,,,,,,,,,3.08E-06
363,3.078739,20.189.173.18,192.168.1.12,TLSv1.2,501,Application Data,,,,,,,,,,,,,3.08E-06
364,3.078812,192.168.1.12,20.189.173.18,TCP,54,58649  >  443 [ACK] Seq=45696 Ack=2966 Win=64547 Len=0,,,,,,,,,,,,,3.08E-06
366,3.092612,192.168.1.10,192.168.1.12,TCP,164,"8009  >  58568 [PSH, ACK] Seq=1 Ack=111 Win=65535 Len=110",,,,,,,,,,,,,3.09E-06
367,3.094827,192.168.1.12,20.190.148.165,TCP,54,58655  >  443 [ACK] Seq=14651 Ack=39813 Win=64083 Len=0,,,,,,,,,,,,,3.09E-06
374,3.140677,192.168.1.12,192.168.1.10,TCP,54,58568  >  8009 [ACK] Seq=111 Ack=111 Win=64020 Len=0,,,,,,,,,,,,,3.14E-06
451,3.231744,52.104.129.41,192.168.1.12,TCP,56,443  >  58663 [ACK] Seq=6040 Ack=3125 Win=64952 Len=0,,,,,,,,,,,,,3.23E-06
549,3.338781,52.104.129.41,192.168.1.12,TCP,1466,443  >  58663 [ACK] Seq=6040 Ack=3125 Win=64952 Len=1412 [TCP PDU reassembled in 551],,,,,,,,,,,,,3.34E-06
551,3.338781,52.104.129.41,192.168.1.12,TLSv1.2,695,Application Data,,,,,,,,,,,,,3.34E-06
559,3.339153,192.168.1.12,52.104.129.41,TCP,54,58663  >  443 [ACK] Seq=3125 Ack=8093 Win=64952 Len=0,,,,,,,,,,,,,3.34E-06
961,3.850249,192.168.1.12,4.213.25.240,TCP,62,58664  >  443 [SYN] Seq=0 Win=64240 Len=0 MSS=1460 SACK_PERM,,,,,,,,,,,,,3.85E-06
1015,3.910795,192.168.1.12,13.107.43.12,TCP,62,58665  >  443 [SYN] Seq=0 Win=64240 Len=0 MSS=1460 SACK_PERM,,,,,,,,,,,,,3.91E-06
1045,3.953629,13.107.43.12,192.168.1.12,TCP,62,"443  >  58665 [SYN, ACK] Seq=0 Ack=1 Win=64952 Len=0 MSS=1412 SACK_PERM",,,,,,,,,,,,,3.95E-06
1048,3.953828,192.168.1.12,13.107.43.12,TCP,54,58665  >  443 [ACK] Seq=1 Ack=1 Win=64240 Len=0,,,,,,,,,,,,,3.95E-06
1053,3.954653,192.168.1.12,13.107.43.12,TLSv1.2,235,Client Hello (SNI=api.onedrive.com),,,,,,,,,,,,,3.95E-06
1057,3.971645,4.213.25.240,192.168.1.12,TCP,62,"443  >  58664 [SYN, ACK] Seq=0 Ack=1 Win=8192 Len=0 MSS=1412 SACK_PERM",,,,,,,,,,,,,3.97E-06
1061,3.971863,192.168.1.12,4.213.25.240,TCP,54,58664  >  443 [ACK] Seq=1 Ack=1 Win=64240 Len=0,,,,,,,,,,,,,3.97E-06
1062,3.972798,192.168.1.12,4.213.25.240,TLSv1.2,234,Client Hello (SNI=skydrive.wns.windows.com),,,,,,,,,,,,,3.97E-06
1076,3.983304,192.168.1.12,40.90.130.199,TCP,62,58666  >  443 [SYN] Seq=0 Win=64240 Len=0 MSS=1460 SACK_PERM,,,,,,,,,,,,,3.98E-06
1081,3.995357,13.107.43.12,192.168.1.12,TCP,54,443  >  58665 [ACK] Seq=1 Ack=182 Win=64771 Len=0,,,,,,,,,,,,,4.00E-06
1084,3.995357,13.107.43.12,192.168.1.12,TCP,1466,443  >  58665 [ACK] Seq=1 Ack=182 Win=64771 Len=1412 [TCP PDU reassembled in 1100],,,,,,,,,,,,,4.00E-06
1086,3.995357,13.107.43.12,192.168.1.12,TCP,1466,443  >  58665 [ACK] Seq=1413 Ack=182 Win=64771 Len=1412 [TCP PDU reassembled in 1100],,,,,,,,,,,,,4.00E-06
1088,3.996241,192.168.1.12,13.107.43.12,TCP,54,58665  >  443 [ACK] Seq=182 Ack=2825 Win=64952 Len=0,,,,,,,,,,,,,4.00E-06
1091,4.013854,13.107.43.12,192.168.1.12,TCP,1466,443  >  58665 [ACK] Seq=2825 Ack=182 Win=64771 Len=1412 [TCP PDU reassembled in 1100],,,,,,,,,,,,,4.01E-06
1093,4.013854,13.107.43.12,192.168.1.12,TCP,1466,443  >  58665 [ACK] Seq=4237 Ack=182 Win=64771 Len=1412 [TCP PDU reassembled in 1100],,,,,,,,,,,,,4.01E-06
1095,4.013854,13.107.43.12,192.168.1.12,TCP,1466,443  >  58665 [ACK] Seq=5649 Ack=182 Win=64771 Len=1412 [TCP PDU reassembled in 1100],,,,,,,,,,,,,4.01E-06
1097,4.013854,13.107.43.12,192.168.1.12,TCP,1466,443  >  58665 [ACK] Seq=7061 Ack=182 Win=64771 Len=1412 [TCP PDU reassembled in 1100],,,,,,,,,,,,,4.01E-06
1098,4.014053,192.168.1.12,13.107.43.12,TCP,54,58665  >  443 [ACK] Seq=182 Ack=8473 Win=64952 Len=0,,,,,,,,,,,,,4.01E-06
1100,4.016677,13.107.43.12,192.168.1.12,TLSv1.2,638,"Server Hello, Certificate, Certificate Status, Server Key Exchange, Server Hello Done",,,,,,,,,,,,,4.02E-06
1128,4.030769,192.168.1.12,13.107.43.12,TLSv1.2,212,"Client Key Exchange, Change Cipher Spec, Encrypted Handshake Message",,,,,,,,,,,,,4.03E-06
1162,4.087598,13.107.43.12,192.168.1.12,TCP,56,443  >  58665 [ACK] Seq=9057 Ack=340 Win=64613 Len=0,,,,,,,,,,,,,4.09E-06
1164,4.087598,13.107.43.12,192.168.1.12,TLSv1.2,396,"New Session Ticket, Change Cipher Spec, Encrypted Handshake Message",,,,,,,,,,,,,4.09E-06
1167,4.087598,74.125.200.139,192.168.1.12,TLSv1.2,127,Application Data,,,,,,,,,,,,,4.09E-06
1180,4.087598,4.213.25.240,192.168.1.12,TCP,1466,443  >  58664 [ACK] Seq=1 Ack=181 Win=8012 Len=1412 [TCP PDU reassembled in 1187],,,,,,,,,,,,,4.09E-06
1181,4.087598,4.213.25.240,192.168.1.12,TCP,102,"443  >  58664 [PSH, ACK] Seq=1413 Ack=181 Win=8012 Len=48 [TCP PDU reassembled in 1187]",,,,,,,,,,,,,4.09E-06
1183,4.087598,4.213.25.240,192.168.1.12,TCP,1466,443  >  58664 [ACK] Seq=1461 Ack=181 Win=8012 Len=1412 [TCP PDU reassembled in 1187],,,,,,,,,,,,,4.09E-06
1184,4.087598,4.213.25.240,192.168.1.12,TCP,102,"443  >  58664 [PSH, ACK] Seq=2873 Ack=181 Win=8012 Len=48 [TCP PDU reassembled in 1187]",,,,,,,,,,,,,
1187,4.087598,4.213.25.240,192.168.1.12,TLSv1.2,1217,"Server Hello, Certificate, Server Key Exchange, Server Hello Done",,,,,,,,,,,,,
1193,4.089463,192.168.1.12,4.213.25.240,TCP,54,58664  >  443 [ACK] Seq=181 Ack=2873 Win=64952 Len=0,,,,,,,,,,,,,
1194,4.089702,192.168.1.12,4.213.25.240,TCP,54,58664  >  443 [ACK] Seq=181 Ack=2921 Win=64904 Len=0,,,,,,,,,,,,,
1195,4.089883,192.168.1.12,74.125.200.139,TCP,54,51124  >  443 [RST] Seq=1 Win=0 Len=0,,,,,,,,,,,,,
1196,4.092911,192.168.1.12,13.107.43.12,TLSv1.2,2388,Application Data,,,,,,,,,,,,,
1202,4.101392,192.168.1.12,4.213.25.240,TLSv1.2,212,"Client Key Exchange, Change Cipher Spec, Encrypted Handshake Message",,,,,,,,,,,,,
1251,4.13897,13.107.43.12,192.168.1.12,TCP,56,443  >  58665 [ACK] Seq=9399 Ack=1752 Win=64952 Len=0,,,,,,,,,,,,,
1255,4.13897,13.107.43.12,192.168.1.12,TCP,56,443  >  58665 [ACK] Seq=9399 Ack=2674 Win=64030 Len=0,,,,,,,,,,,,,
1261,4.140309,192.168.1.12,13.95.31.18,TCP,62,58667  >  443 [SYN] Seq=0 Win=64240 Len=0 MSS=1460 SACK_PERM,,,,,,,,,,,,,
1321,4.226101,4.213.25.240,192.168.1.12,TLSv1.2,105,"Change Cipher Spec, Encrypted Handshake Message",,,,,,,,,,,,,
1327,4.226101,40.90.130.199,192.168.1.12,TCP,62,"443  >  58666 [SYN, ACK] Seq=0 Ack=1 Win=64952 Len=0 MSS=1412 SACK_PERM",,,,,,,,,,,,,
1341,4.226596,192.168.1.12,40.90.130.199,TCP,54,58666  >  443 [ACK] Seq=1 Ack=1 Win=64240 Len=0,,,,,,,,,,,,,
1343,4.22858,192.168.1.12,40.90.130.199,TLSv1.2,234,Client Hello (SNI=skyapi.live.net),,,,,,,,,,,,,
1344,4.236636,192.168.1.12,4.213.25.240,TLSv1.2,314,Application Data,,,,,,,,,,,,,
1435,4.330624,13.95.31.18,192.168.1.12,TCP,62,"443  >  58667 [SYN, ACK] Seq=0 Ack=1 Win=64952 Len=0 MSS=1412 SACK_PERM",,,,,,,,,,,,,
1436,4.331315,192.168.1.12,13.95.31.18,TCP,54,58667  >  443 [ACK] Seq=1 Ack=1 Win=64240 Len=0,,,,,,,,,,,,,
1438,4.336723,192.168.1.12,13.95.31.18,TLSv1.2,268,Client Hello (SNI=fe3cr.delivery.mp.microsoft.com),,,,,,,,,,,,,
1449,4.345071,4.213.25.240,192.168.1.12,TLSv1.2,326,Application Data,,,,,,,,,,,,,
1458,4.349665,192.168.1.12,4.213.25.240,TLSv1.2,1797,Application Data,,,,,,,,,,,,,
1548,4.515672,74.125.200.139,192.168.1.12,TLSv1.2,127,Application Data,,,,,,,,,,,,,
1559,4.515672,40.90.130.199,192.168.1.12,TCP,1466,443  >  58666 [ACK] Seq=1 Ack=181 Win=64772 Len=1412 [TCP PDU reassembled in 1573],,,,,,,,,,,,,
1562,4.515672,40.90.130.199,192.168.1.12,TCP,1466,443  >  58666 [ACK] Seq=1413 Ack=181 Win=64772 Len=1412 [TCP PDU reassembled in 1573],,,,,,,,,,,,,
1565,4.515672,40.90.130.199,192.168.1.12,TCP,1466,443  >  58666 [ACK] Seq=2825 Ack=181 Win=64772 Len=1412 [TCP PDU reassembled in 1573],,,,,,,,,,,,,
1566,4.515672,40.90.130.199,192.168.1.12,TCP,1466,443  >  58666 [ACK] Seq=4237 Ack=181 Win=64772 Len=1412 [TCP PDU reassembled in 1573],,,,,,,,,,,,,
1567,4.515672,4.213.25.240,192.168.1.12,TCP,56,443  >  58664 [ACK] Seq=4407 Ack=2342 Win=8192 Len=0,,,,,,,,,,,,,
1569,4.515672,40.90.130.199,192.168.1.12,TCP,1466,443  >  58666 [ACK] Seq=5649 Ack=181 Win=64772 Len=1412 [TCP PDU reassembled in 1573],,,,,,,,,,,,,
1571,4.515672,4.213.25.240,192.168.1.12,TLSv1.2,147,Application Data,,,,,,,,,,,,,
1572,4.515672,40.90.130.199,192.168.1.12,TCP,1466,443  >  58666 [ACK] Seq=7061 Ack=181 Win=64772 Len=1412 [TCP PDU reassembled in 1573],,,,,,,,,,,,,
1573,4.515672,40.90.130.199,192.168.1.12,TLSv1.2,568,"Server Hello, Certificate, Certificate Status, Server Key Exchange, Server Hello Done",,,,,,,,,,,,,
1579,4.515672,4.213.25.240,192.168.1.12,TLSv1.2,224,Application Data,,,,,,,,,,,,,
1582,4.516635,192.168.1.12,74.125.200.139,TCP,54,51125  >  443 [RST] Seq=1 Win=0 Len=0,,,,,,,,,,,,,
1583,4.517439,192.168.1.12,40.90.130.199,TCP,54,58666  >  443 [ACK] Seq=181 Ack=5649 Win=64952 Len=0,,,,,,,,,,,,,
1584,4.517797,192.168.1.12,40.90.130.199,TCP,54,58666  >  443 [ACK] Seq=181 Ack=8473 Win=64952 Len=0,,,,,,,,,,,,,
1586,4.51816,192.168.1.12,4.213.25.240,TCP,54,58664  >  443 [ACK] Seq=2342 Ack=4670 Win=64689 Len=0,,,,,,,,,,,,,
1588,4.520941,192.168.1.12,4.213.25.240,TLSv1.2,233,Application Data,,,,,,,,,,,,,
1589,4.530015,192.168.1.12,40.90.130.199,TLSv1.2,147,"Client Key Exchange, Change Cipher Spec, Encrypted Handshake Message",,,,,,,,,,,,,
1632,4.54765,13.95.31.18,192.168.1.12,TCP,1466,443  >  58667 [ACK] Seq=1 Ack=215 Win=64738 Len=1412 [TCP PDU reassembled in 1634],,,,,,,,,,,,,
1634,4.54765,13.95.31.18,192.168.1.12,TLSv1.2,1196,"Server Hello, Certificate, Server Key Exchange, Server Hello Done",,,,,,,,,,,,,
1639,4.548854,192.168.1.12,13.95.31.18,TCP,54,58667  >  443 [ACK] Seq=215 Ack=2555 Win=64952 Len=0,,,,,,,,,,,,,
1652,4.561624,192.168.1.12,13.95.31.18,TLSv1.2,212,"Client Key Exchange, Change Cipher Spec, Encrypted Handshake Message",,,,,,,,,,,,,
1735,4.652795,4.213.25.240,192.168.1.12,TLSv1.2,466,Application Data,,,,,,,,,,,,,
1750,4.658494,192.168.1.12,4.213.25.240,TLSv1.2,233,Application Data,,,,,,,,,,,,,
1837,4.75031,13.95.31.18,192.168.1.12,TLSv1.2,105,"Change Cipher Spec, Encrypted Handshake Message",,,,,,,,,,,,,
1839,4.75031,13.95.31.18,192.168.1.12,TLSv1.2,123,Application Data,,,,,,,,,,,,,
1841,4.75049,192.168.1.12,13.95.31.18,TCP,54,58667  >  443 [ACK] Seq=373 Ack=2675 Win=64832 Len=0,,,,,,,,,,,,,
1843,4.751271,192.168.1.12,13.95.31.18,TLSv1.2,141,Application Data,,,,,,,,,,,,,
1844,4.751358,192.168.1.12,13.95.31.18,TLSv1.2,283,Application Data,,,,,,,,,,,,,
1845,4.751456,192.168.1.12,13.95.31.18,TLSv1.2,92,Application Data,,,,,,,,,,,,,
1846,4.751566,192.168.1.12,13.95.31.18,TCP,14174,58667  >  443 [ACK] Seq=727 Ack=2675 Win=64832 Len=14120 [TCP PDU reassembled in 2049],,,,,,,,,,,,,
1859,4.781663,40.90.130.199,192.168.1.12,TLSv1.2,105,"Change Cipher Spec, Encrypted Handshake Message",,,,,,,,,,,,,
1863,4.781663,13.107.43.12,192.168.1.12,TCP,1466,443  >  58665 [ACK] Seq=9399 Ack=2674 Win=64030 Len=1412 [TCP PDU reassembled in 1866],,,,,,,,,,,,,
1864,4.781663,4.213.25.240,192.168.1.12,TLSv1.2,467,Application Data,,,,,,,,,,,,,
1865,4.781663,13.107.43.12,192.168.1.12,TCP,1466,443  >  58665 [ACK] Seq=10811 Ack=2674 Win=64030 Len=1412 [TCP PDU reassembled in 1866],,,,,,,,,,,,,
1866,4.781663,13.107.43.12,192.168.1.12,TLSv1.2,756,Application Data,,,,,,,,,,,,,
1875,4.78184,192.168.1.12,13.107.43.12,TCP,54,58665  >  443 [ACK] Seq=2674 Ack=12223 Win=64952 Len=0,,,,,,,,,,,,,
1877,4.785077,192.168.1.12,40.90.130.199,TLSv1.2,1845,Application Data,,,,,,,,,,,,,
1923,4.826684,192.168.1.12,13.107.43.12,TCP,54,58665  >  443 [ACK] Seq=2674 Ack=12925 Win=64250 Len=0,,,,,,,,,,,,,
1924,4.826684,192.168.1.12,4.213.25.240,TCP,54,58664  >  443 [ACK] Seq=2700 Ack=5495 Win=63864 Len=0,,,,,,,,,,,,,
2035,4.950772,13.95.31.18,192.168.1.12,TLSv1.2,92,Application Data,,,,,,,,,,,,,
2036,4.950772,13.95.31.18,192.168.1.12,TCP,56,443  >  58667 [ACK] Seq=2713 Ack=727 Win=64226 Len=0,,,,,,,,,,,,,
2041,4.950772,13.95.31.18,192.168.1.12,TCP,56,443  >  58667 [ACK] Seq=2713 Ack=2139 Win=64952 Len=0,,,,,,,,,,,,,
2046,4.950772,13.95.31.18,192.168.1.12,TCP,56,443  >  58667 [ACK] Seq=2713 Ack=3551 Win=64952 Len=0,,,,,,,,,,,,,
2049,4.951017,192.168.1.12,13.95.31.18,TLSv1.2,2878,Application Data,,,,,,,,,,,,,
2050,4.951093,192.168.1.12,13.95.31.18,TCP,2878,58667  >  443 [ACK] Seq=17671 Ack=2713 Win=64794 Len=2824 [TCP PDU reassembled in 2074],,,,,,,,,,,,,
2057,4.960389,13.95.31.18,192.168.1.12,TCP,56,443  >  58667 [ACK] Seq=2713 Ack=4963 Win=64952 Len=0,,,,,,,,,,,,,
2061,4.960389,13.95.31.18,192.168.1.12,TCP,56,443  >  58667 [ACK] Seq=2713 Ack=6375 Win=64952 Len=0,,,,,,,,,,,,,
2065,4.960711,192.168.1.12,13.95.31.18,TCP,2878,58667  >  443 [ACK] Seq=20495 Ack=2713 Win=64794 Len=2824 [TCP PDU reassembled in 2074],,,,,,,,,,,,,
2066,4.960891,192.168.1.12,13.95.31.18,TCP,2878,58667  >  443 [ACK] Seq=23319 Ack=2713 Win=64794 Len=2824 [TCP PDU reassembled in 2074],,,,,,,,,,,,,
2068,4.961013,13.95.31.18,192.168.1.12,TCP,56,443  >  58667 [ACK] Seq=2713 Ack=7787 Win=64952 Len=0,,,,,,,,,,,,,
2072,4.961013,13.95.31.18,192.168.1.12,TCP,56,443  >  58667 [ACK] Seq=2713 Ack=9199 Win=64952 Len=0,,,,,,,,,,,,,
2073,4.961058,192.168.1.12,13.95.31.18,TCP,2878,58667  >  443 [ACK] Seq=26143 Ack=2713 Win=64794 Len=2824 [TCP PDU reassembled in 2074],,,,,,,,,,,,,
2074,4.961136,192.168.1.12,13.95.31.18,TLSv1.2,2878,Application Data,,,,,,,,,,,,,
2080,4.9865,13.95.31.18,192.168.1.12,TCP,56,443  >  58667 [ACK] Seq=2713 Ack=10611 Win=64952 Len=0,,,,,,,,,,,,,
2086,4.9865,13.95.31.18,192.168.1.12,TCP,56,443  >  58667 [ACK] Seq=2713 Ack=12023 Win=64952 Len=0,,,,,,,,,,,,,
2090,4.9865,13.95.31.18,192.168.1.12,TCP,56,443  >  58667 [ACK] Seq=2713 Ack=13435 Win=64952 Len=0,,,,,,,,,,,,,
2094,4.9865,13.95.31.18,192.168.1.12,TCP,56,443  >  58667 [ACK] Seq=2713 Ack=14847 Win=64952 Len=0,,,,,,,,,,,,,
2099,4.986631,192.168.1.12,13.95.31.18,TLSv1.2,1878,Application Data,,,,,,,,,,,,,
2132,5.030171,40.90.130.199,192.168.1.12,TCP,56,443  >  58666 [ACK] Seq=9038 Ack=2065 Win=64952 Len=0,,,,,,,,,,,,,
2147,5.097571,192.168.1.12,20.189.173.18,TLSv1.2,1183,Application Data,,,,,,,,,,,,,
2148,5.097813,192.168.1.12,20.189.173.18,TLSv1.2,7172,Application Data,,,,,,,,,,,,,
2190,5.150114,40.90.130.199,192.168.1.12,TCP,1466,443  >  58666 [ACK] Seq=9038 Ack=2065 Win=64952 Len=1412 [TCP PDU reassembled in 2201],,,,,,,,,,,,,
2191,5.150114,40.90.130.199,192.168.1.12,TCP,1466,443  >  58666 [ACK] Seq=10450 Ack=2065 Win=64952 Len=1412 [TCP PDU reassembled in 2201],,,,,,,,,,,,,
2194,5.150114,40.90.130.199,192.168.1.12,TCP,1466,443  >  58666 [ACK] Seq=11862 Ack=2065 Win=64952 Len=1412 [TCP PDU reassembled in 2201],,,,,,,,,,,,,
2196,5.150114,40.90.130.199,192.168.1.12,TCP,1466,443  >  58666 [ACK] Seq=13274 Ack=2065 Win=64952 Len=1412 [TCP PDU reassembled in 2201],,,,,,,,,,,,,
2198,5.150114,40.90.130.199,192.168.1.12,TCP,1466,443  >  58666 [ACK] Seq=14686 Ack=2065 Win=64952 Len=1412 [TCP PDU reassembled in 2201],,,,,,,,,,,,,
2199,5.150114,40.90.130.199,192.168.1.12,TCP,1466,443  >  58666 [ACK] Seq=16098 Ack=2065 Win=64952 Len=1412 [TCP PDU reassembled in 2201],,,,,,,,,,,,,
2201,5.150114,40.90.130.199,192.168.1.12,TLSv1.2,386,Application Data,,,,,,,,,,,,,
2203,5.150226,192.168.1.12,40.90.130.199,TCP,54,58666  >  443 [ACK] Seq=2065 Ack=17510 Win=64952 Len=0,,,,,,,,,,,,,
2228,5.156475,13.95.31.18,192.168.1.12,TCP,56,443  >  58667 [ACK] Seq=2713 Ack=17671 Win=64952 Len=0,,,,,,,,,,,,,
2240,5.17122,13.95.31.18,192.168.1.12,TCP,56,443  >  58667 [ACK] Seq=2713 Ack=20495 Win=64952 Len=0,,,,,,,,,,,,,
2244,5.17122,13.95.31.18,192.168.1.12,TCP,56,443  >  58667 [ACK] Seq=2713 Ack=23319 Win=64952 Len=0,,,,,,,,,,,,,
2252,5.17122,13.95.31.18,192.168.1.12,TCP,56,443  >  58667 [ACK] Seq=2713 Ack=26143 Win=64952 Len=0,,,,,,,,,,,,,
2261,5.1793,192.168.1.12,104.16.102.112,TCP,62,58668  >  443 [SYN] Seq=0 Win=64240 Len=0 MSS=1460 SACK_PERM,,,,,,,,,,,,,
2262,5.201278,192.168.1.12,40.90.130.199,TCP,54,58666  >  443 [ACK] Seq=2065 Ack=17842 Win=64620 Len=0,,,,,,,,,,,,,
2267,5.211962,13.95.31.18,192.168.1.12,TCP,56,443  >  58667 [ACK] Seq=2713 Ack=28967 Win=64952 Len=0,,,,,,,,,,,,,
2274,5.211962,13.95.31.18,192.168.1.12,TCP,56,443  >  58667 [ACK] Seq=2713 Ack=31791 Win=64952 Len=0,,,,,,,,,,,,,
2279,5.21312,13.95.31.18,192.168.1.12,TCP,56,443  >  58667 [ACK] Seq=2713 Ack=33615 Win=64952 Len=0,,,,,,,,,,,,,
2296,5.227832,104.16.102.112,192.168.1.12,TCP,62,"443  >  58668 [SYN, ACK] Seq=0 Ack=1 Win=65535 Len=0 MSS=1400 SACK_PERM",,,,,,,,,,,,,
2297,5.227915,192.168.1.12,104.16.102.112,TCP,54,58668  >  443 [ACK] Seq=1 Ack=1 Win=64240 Len=0,,,,,,,,,,,,,
2298,5.2284,192.168.1.12,104.16.102.112,TLSv1.3,1841,Client Hello (SNI=www.canva.com),,,,,,,,,,,,,
2323,5.266595,104.16.102.112,192.168.1.12,TCP,54,443  >  58668 [ACK] Seq=1 Ack=1401 Win=65535 Len=0,,,,,,,,,,,,,
2325,5.266595,104.16.102.112,192.168.1.12,TCP,54,443  >  58668 [ACK] Seq=1 Ack=1788 Win=65535 Len=0,,,,,,,,,,,,,
2328,5.266595,13.95.31.18,192.168.1.12,TCP,1466,443  >  58667 [ACK] Seq=2713 Ack=33615 Win=64952 Len=1412 [TCP PDU reassembled in 2329],,,,,,,,,,,,,
2329,5.266595,13.95.31.18,192.168.1.12,TLSv1.2,1452,Application Data,,,,,,,,,,,,,
2330,5.266595,104.16.102.112,192.168.1.12,TLSv1.3,1466,"Server Hello, Change Cipher Spec",,,,,,,,,,,,,
2332,5.2668,192.168.1.12,13.95.31.18,TCP,54,58667  >  443 [ACK] Seq=33615 Ack=5523 Win=64952 Len=0,,,,,,,,,,,,,
2334,5.268126,104.16.102.112,192.168.1.12,TCP,1466,443  >  58668 [ACK] Seq=1413 Ack=1788 Win=65535 Len=1412 [TCP PDU reassembled in 2335],,,,,,,,,,,,,
2335,5.268126,104.16.102.112,192.168.1.12,TLSv1.3,767,Application Data,,,,,,,,,,,,,
2341,5.268183,192.168.1.12,104.16.102.112,TCP,54,58668  >  443 [ACK] Seq=1788 Ack=2825 Win=64400 Len=0,,,,,,,,,,,,,
2343,5.268898,192.168.1.12,104.16.102.112,TLSv1.3,118,"Change Cipher Spec, Application Data",,,,,,,,,,,,,
2344,5.269146,192.168.1.12,104.16.102.112,TLSv1.3,146,Application Data,,,,,,,,,,,,,
2345,5.269399,192.168.1.12,104.16.102.112,TLSv1.3,2566,Application Data,,,,,,,,,,,,,
2381,5.309397,104.16.102.112,192.168.1.12,TCP,56,443  >  58668 [ACK] Seq=3538 Ack=1944 Win=65535 Len=0,,,,,,,,,,,,,
2382,5.309397,104.16.102.112,192.168.1.12,TLSv1.3,591,"Application Data, Application Data",,,,,,,,,,,,,
2388,5.310026,192.168.1.12,104.16.102.112,TLSv1.3,85,Application Data,,,,,,,,,,,,,
2389,5.32158,104.16.102.112,192.168.1.12,TCP,56,443  >  58668 [ACK] Seq=4075 Ack=4456 Win=65535 Len=0,,,,,,,,,,,,,
2399,5.32158,104.16.102.112,192.168.1.12,TLSv1.3,688,Application Data,,,,,,,,,,,,,
2400,5.32158,104.16.102.112,192.168.1.12,TLSv1.3,87,Application Data,,,,,,,,,,,,,
2401,5.32158,104.16.102.112,192.168.1.12,TLSv1.3,85,Application Data,,,,,,,,,,,,,
2403,5.321794,192.168.1.12,104.16.102.112,TCP,54,58668  >  443 [ACK] Seq=4487 Ack=4773 Win=64400 Len=0,,,,,,,,,,,,,
2415,5.338085,192.168.1.12,13.107.137.11,TLSv1.2,2281,Application Data,,,,,,,,,,,,,
2416,5.339379,192.168.1.12,52.231.186.36,TLSv1.2,149,Application Data,,,,,,,,,,,,,
2430,5.351351,20.189.173.18,192.168.1.12,TLSv1.2,101,Application Data,,,,,,,,,,,,,
2432,5.351351,20.189.173.18,192.168.1.12,TCP,56,443  >  58649 [ACK] Seq=3013 Ack=48237 Win=64952 Len=0,,,,,,,,,,,,,
2436,5.351351,20.189.173.18,192.168.1.12,TCP,56,443  >  58649 [ACK] Seq=3013 Ack=49649 Win=64952 Len=0,,,,,,,,,,,,,
2438,5.351549,192.168.1.12,20.189.173.18,TCP,54,58649  >  443 [ACK] Seq=53943 Ack=3013 Win=64500 Len=0,,,,,,,,,,,,,
2445,5.364964,20.189.173.18,192.168.1.12,TCP,56,443  >  58649 [ACK] Seq=3013 Ack=51061 Win=64952 Len=0,,,,,,,,,,,,,
2451,5.364964,20.189.173.18,192.168.1.12,TCP,56,443  >  58649 [ACK] Seq=3013 Ack=52473 Win=64952 Len=0,,,,,,,,,,,,,
2454,5.364964,20.189.173.18,192.168.1.12,TCP,56,443  >  58649 [ACK] Seq=3013 Ack=53943 Win=64952 Len=0,,,,,,,,,,,,,
2462,5.36677,20.189.173.18,192.168.1.12,TLSv1.2,503,Application Data,,,,,,,,,,,,,
2463,5.366968,192.168.1.12,20.189.173.18,TCP,54,58649  >  443 [ACK] Seq=53943 Ack=3462 Win=65535 Len=0,,,,,,,,,,,,,
2469,5.374724,13.107.137.11,192.168.1.12,TCP,56,443  >  58652 [ACK] Seq=1 Ack=1413 Win=64952 Len=0,,,,,,,,,,,,,
2471,5.374724,13.107.137.11,192.168.1.12,TCP,56,443  >  58652 [ACK] Seq=1 Ack=2228 Win=64137 Len=0,,,,,,,,,,,,,
2474,5.375038,104.16.102.112,192.168.1.12,TCP,56,443  >  58668 [ACK] Seq=4773 Ack=4487 Win=65535 Len=0,,,,,,,,,,,,,
2501,5.402807,192.168.1.12,13.107.43.12,TLSv1.2,2380,Application Data,,,,,,,,,,,,,
2523,5.422924,52.231.186.36,192.168.1.12,TLSv1.2,234,Application Data,,,,,,,,,,,,,
2526,5.425464,192.168.1.12,23.38.195.152,TLSv1.2,336,Application Data,,,,,,,,,,,,,
2536,5.440679,23.38.195.152,192.168.1.12,TLSv1.2,372,Application Data,,,,,,,,,,,,,
2539,5.440679,13.107.43.12,192.168.1.12,TCP,56,443  >  58665 [ACK] Seq=12925 Ack=4086 Win=64952 Len=0,,,,,,,,,,,,,
2541,5.440679,13.107.43.12,192.168.1.12,TCP,56,443  >  58665 [ACK] Seq=12925 Ack=5000 Win=64038 Len=0,,,,,,,,,,,,,
2560,5.455394,64.233.170.139,192.168.1.12,TLSv1.2,127,Application Data,,,,,,,,,,,,,
2564,5.455849,192.168.1.12,64.233.170.139,TCP,54,51126  >  443 [RST] Seq=1 Win=0 Len=0,,,,,,,,,,,,,
2569,5.465584,192.168.1.12,52.231.186.36,TCP,54,58640  >  443 [ACK] Seq=96 Ack=181 Win=63565 Len=0,,,,,,,,,,,,,
2580,5.468881,192.168.1.12,52.231.186.36,TLSv1.2,101,Application Data,,,,,,,,,,,,,
2587,5.473134,192.168.1.12,13.107.137.11,TCP,62,58669  >  443 [SYN] Seq=0 Win=64240 Len=0 MSS=1460 SACK_PERM,,,,,,,,,,,,,
2588,5.473361,192.168.1.12,13.107.137.11,TCP,62,58670  >  443 [SYN] Seq=0 Win=64240 Len=0 MSS=1460 SACK_PERM,,,,,,,,,,,,,
2596,5.494692,192.168.1.12,23.38.195.152,TCP,54,58641  >  443 [ACK] Seq=283 Ack=319 Win=64730 Len=0,,,,,,,,,,,,,
2651,5.523323,13.107.137.11,192.168.1.12,TCP,62,"443  >  58670 [SYN, ACK] Seq=0 Ack=1 Win=64952 Len=0 MSS=1412 SACK_PERM",,,,,,,,,,,,,
2652,5.523323,13.107.137.11,192.168.1.12,TCP,62,"443  >  58669 [SYN, ACK] Seq=0 Ack=1 Win=64952 Len=0 MSS=1412 SACK_PERM",,,,,,,,,,,,,
2668,5.524041,192.168.1.12,13.107.137.11,TCP,54,58670  >  443 [ACK] Seq=1 Ack=1 Win=64240 Len=0,,,,,,,,,,,,,
2670,5.524075,192.168.1.12,13.107.137.11,TCP,54,58669  >  443 [ACK] Seq=1 Ack=1 Win=64240 Len=0,,,,,,,,,,,,,
2675,5.524786,192.168.1.12,13.107.137.11,TLSv1.2,250,Client Hello (SNI=my.microsoftpersonalcontent.com),,,,,,,,,,,,,
2676,5.524786,192.168.1.12,13.107.137.11,TLSv1.2,250,Client Hello (SNI=my.microsoftpersonalcontent.com),,,,,,,,,,,,,
2698,5.548329,64.233.170.139,192.168.1.12,TLSv1.2,127,Application Data,,,,,,,,,,,,,
2700,5.548584,192.168.1.12,64.233.170.139,TCP,54,51127  >  443 [RST] Seq=1 Win=0 Len=0,,,,,,,,,,,,,
2701,5.552186,13.107.137.11,192.168.1.12,TCP,54,443  >  58669 [ACK] Seq=1 Ack=197 Win=64756 Len=0,,,,,,,,,,,,,
2702,5.552186,13.107.137.11,192.168.1.12,TCP,54,443  >  58670 [ACK] Seq=1 Ack=197 Win=64756 Len=0,,,,,,,,,,,,,
2706,5.557423,13.107.137.11,192.168.1.12,TCP,1466,443  >  58670 [ACK] Seq=1 Ack=197 Win=64756 Len=1412 [TCP PDU reassembled in 2720],,,,,,,,,,,,,
2708,5.557423,13.107.137.11,192.168.1.12,TCP,1466,443  >  58670 [ACK] Seq=1413 Ack=197 Win=64756 Len=1412 [TCP PDU reassembled in 2720],,,,,,,,,,,,,
2711,5.557423,13.107.137.11,192.168.1.12,TCP,1466,443  >  58670 [ACK] Seq=2825 Ack=197 Win=64756 Len=1412 [TCP PDU reassembled in 2720],,,,,,,,,,,,,
2714,5.557614,192.168.1.12,13.107.137.11,TCP,54,58670  >  443 [ACK] Seq=197 Ack=4237 Win=64952 Len=0,,,,,,,,,,,,,
2715,5.561237,13.107.137.11,192.168.1.12,TCP,1466,443  >  58670 [ACK] Seq=4237 Ack=197 Win=64756 Len=1412 [TCP PDU reassembled in 2720],,,,,,,,,,,,,
2717,5.561375,192.168.1.12,13.107.137.11,TCP,54,58670  >  443 [ACK] Seq=197 Ack=5649 Win=64952 Len=0,,,,,,,,,,,,,
2719,5.56745,52.231.186.36,192.168.1.12,TLSv1.2,110,Application Data,,,,,,,,,,,,,
2720,5.56745,13.107.137.11,192.168.1.12,TLSv1.2,749,"Server Hello, Certificate, Certificate Status, Server Key Exchange, Server Hello Done",,,,,,,,,,,,,
2730,5.56745,64.233.170.139,192.168.1.12,TLSv1.2,127,Application Data,,,,,,,,,,,,,
2733,5.568564,192.168.1.12,64.233.170.139,TCP,54,51128  >  443 [RST] Seq=1 Win=0 Len=0,,,,,,,,,,,,,
2742,5.57366,192.168.1.12,23.38.195.152,TLSv1.2,387,Application Data,,,,,,,,,,,,,
2744,5.579985,64.233.170.139,192.168.1.12,TLSv1.2,127,Application Data,,,,,,,,,,,,,
2755,5.580146,192.168.1.12,64.233.170.139,TCP,54,51129  >  443 [RST] Seq=1 Win=0 Len=0,,,,,,,,,,,,,
2761,5.588477,192.168.1.12,13.107.137.11,TLSv1.2,212,"Client Key Exchange, Change Cipher Spec, Encrypted Handshake Message",,,,,,,,,,,,,
2765,5.590503,23.38.195.152,192.168.1.12,TCP,1466,443  >  58641 [ACK] Seq=319 Ack=616 Win=63834 Len=1412 [TCP PDU reassembled in 2800],,,,,,,,,,,,,
2767,5.590503,23.38.195.152,192.168.1.12,TCP,1466,443  >  58641 [ACK] Seq=1731 Ack=616 Win=63834 Len=1412 [TCP PDU reassembled in 2800],,,,,,,,,,,,,
2770,5.590503,23.38.195.152,192.168.1.12,TCP,1466,"443  >  58641 [PSH, ACK] Seq=3143 Ack=616 Win=63834 Len=1412 [TCP PDU reassembled in 2800]",,,,,,,,,,,,,
2772,5.590503,23.38.195.152,192.168.1.12,TCP,1466,443  >  58641 [ACK] Seq=4555 Ack=616 Win=63834 Len=1412 [TCP PDU reassembled in 2800],,,,,,,,,,,,,
2774,5.590503,13.107.137.11,192.168.1.12,TCP,1466,443  >  58669 [ACK] Seq=1 Ack=197 Win=64756 Len=1412 [TCP PDU reassembled in 2786],,,,,,,,,,,,,
2775,5.590503,13.107.137.11,192.168.1.12,TCP,1466,443  >  58669 [ACK] Seq=1413 Ack=197 Win=64756 Len=1412 [TCP PDU reassembled in 2786],,,,,,,,,,,,,
2776,5.590503,23.38.195.152,192.168.1.12,TCP,1466,443  >  58641 [ACK] Seq=5967 Ack=616 Win=63834 Len=1412 [TCP PDU reassembled in 2800],,,,,,,,,,,,,
2777,5.59073,192.168.1.12,23.38.195.152,TCP,54,58641  >  443 [ACK] Seq=616 Ack=7379 Win=65048 Len=0,,,,,,,,,,,,,
2778,5.590785,192.168.1.12,13.107.137.11,TCP,54,58669  >  443 [ACK] Seq=197 Ack=2825 Win=64952 Len=0,,,,,,,,,,,,,
2780,5.602211,23.38.195.152,192.168.1.12,TCP,1466,"443  >  58641 [PSH, ACK] Seq=7379 Ack=616 Win=63834 Len=1412 [TCP PDU reassembled in 2800]",,,,,,,,,,,,,
2781,5.602211,13.107.137.11,192.168.1.12,TCP,1466,443  >  58669 [ACK] Seq=2825 Ack=197 Win=64756 Len=1412 [TCP PDU reassembled in 2786],,,,,,,,,,,,,
2783,5.602211,23.38.195.152,192.168.1.12,TCP,1466,443  >  58641 [ACK] Seq=8791 Ack=616 Win=63834 Len=1412 [TCP PDU reassembled in 2800],,,,,,,,,,,,,
2784,5.602211,13.107.137.11,192.168.1.12,TCP,1466,443  >  58669 [ACK] Seq=4237 Ack=197 Win=64756 Len=1412 [TCP PDU reassembled in 2786],,,,,,,,,,,,,
2786,5.602211,13.107.137.11,192.168.1.12,TLSv1.2,749,"Server Hello, Certificate, Certificate Status, Server Key Exchange, Server Hello Done",,,,,,,,,,,,,
2789,5.602211,23.38.195.152,192.168.1.12,TCP,1466,443  >  58641 [ACK] Seq=10203 Ack=616 Win=63834 Len=1412 [TCP PDU reassembled in 2800],,,,,,,,,,,,,
2791,5.602211,23.38.195.152,192.168.1.12,TCP,1466,"443  >  58641 [PSH, ACK] Seq=11615 Ack=616 Win=63834 Len=1412 [TCP PDU reassembled in 2800]",,,,,,,,,,,,,
2795,5.602211,23.38.195.152,192.168.1.12,TCP,1466,443  >  58641 [ACK] Seq=13027 Ack=616 Win=63834 Len=1412 [TCP PDU reassembled in 2800],,,,,,,,,,,,,
2797,5.602211,23.38.195.152,192.168.1.12,TCP,1466,443  >  58641 [ACK] Seq=14439 Ack=616 Win=63834 Len=1412 [TCP PDU reassembled in 2800],,,,,,,,,,,,,
2800,5.602211,23.38.195.152,192.168.1.12,TLSv1.2,1466,Application Data,,,,,,,,,,,,,
2802,5.602211,23.38.195.152,192.168.1.12,TCP,1466,443  >  58641 [ACK] Seq=17263 Ack=616 Win=63834 Len=1412 [TCP PDU reassembled in 2839],,,,,,,,,,,,,
2804,5.60253,192.168.1.12,13.107.137.11,TCP,54,58669  >  443 [ACK] Seq=197 Ack=5649 Win=64952 Len=0,,,,,,,,,,,,,
2805,5.602731,192.168.1.12,23.38.195.152,TCP,54,58641  >  443 [ACK] Seq=616 Ack=18675 Win=65048 Len=0,,,,,,,,,,,,,
2810,5.616936,192.168.1.12,13.107.137.11,TLSv1.2,212,"Client Key Exchange, Change Cipher Spec, Encrypted Handshake Message",,,,,,,,,,,,,
2811,5.61792,192.168.1.12,52.231.186.36,TCP,54,58640  >  443 [ACK] Seq=143 Ack=237 Win=64952 Len=0,,,,,,,,,,,,,
2812,5.622823,23.38.195.152,192.168.1.12,TCP,1466,443  >  58641 [ACK] Seq=18675 Ack=616 Win=63834 Len=1412 [TCP PDU reassembled in 2839],,,,,,,,,,,,,
2816,5.622823,23.38.195.152,192.168.1.12,TCP,1466,"443  >  58641 [PSH, ACK] Seq=20087 Ack=616 Win=63834 Len=1412 [TCP PDU reassembled in 2839]",,,,,,,,,,,,,
2818,5.622823,23.38.195.152,192.168.1.12,TCP,1466,443  >  58641 [ACK] Seq=21499 Ack=616 Win=63834 Len=1412 [TCP PDU reassembled in 2839],,,,,,,,,,,,,
2822,5.622823,23.38.195.152,192.168.1.12,TCP,1466,443  >  58641 [ACK] Seq=22911 Ack=616 Win=63834 Len=1412 [TCP PDU reassembled in 2839],,,,,,,,,,,,,
2824,5.622823,23.38.195.152,192.168.1.12,TCP,1466,"443  >  58641 [PSH, ACK] Seq=24323 Ack=616 Win=63834 Len=1412 [TCP PDU reassembled in 2839]",,,,,,,,,,,,,
2826,5.622823,23.38.195.152,192.168.1.12,TCP,1466,443  >  58641 [ACK] Seq=25735 Ack=616 Win=63834 Len=1412 [TCP PDU reassembled in 2839],,,,,,,,,,,,,
2830,5.622823,23.38.195.152,192.168.1.12,TCP,1466,443  >  58641 [ACK] Seq=27147 Ack=616 Win=63834 Len=1412 [TCP PDU reassembled in 2839],,,,,,,,,,,,,
2831,5.622823,23.38.195.152,192.168.1.12,TCP,1466,"443  >  58641 [PSH, ACK] Seq=28559 Ack=616 Win=63834 Len=1412 [TCP PDU reassembled in 2839]",,,,,,,,,,,,,
2832,5.622823,13.107.137.11,192.168.1.12,TCP,56,443  >  58670 [ACK] Seq=6344 Ack=355 Win=64598 Len=0,,,,,,,,,,,,,
2833,5.623083,192.168.1.12,23.38.195.152,TCP,54,58641  >  443 [ACK] Seq=616 Ack=29971 Win=65048 Len=0,,,,,,,,,,,,,
2836,5.631421,23.38.195.152,192.168.1.12,TCP,1466,443  >  58641 [ACK] Seq=29971 Ack=616 Win=63834 Len=1412 [TCP PDU reassembled in 2839],,,,,,,,,,,,,
2837,5.631421,13.107.137.11,192.168.1.12,TLSv1.2,396,"New Session Ticket, Change Cipher Spec, Encrypted Handshake Message",,,,,,,,,,,,,
2838,5.631421,23.38.195.152,192.168.1.12,TCP,1466,443  >  58641 [ACK] Seq=31383 Ack=616 Win=63834 Len=1412 [TCP PDU reassembled in 2839],,,,,,,,,,,,,
2839,5.631421,23.38.195.152,192.168.1.12,TLSv1.2,1466,Application Data,,,,,,,,,,,,,
2840,5.631421,23.38.195.152,192.168.1.12,TLSv1.2,1466,Application Data,,,,,,,,,,,,,
2841,5.631421,23.38.195.152,192.168.1.12,TCP,1466,443  >  58641 [ACK] Seq=35619 Ack=616 Win=63834 Len=1412 [TCP PDU reassembled in 2925],,,,,,,,,,,,,
2842,5.631421,23.38.195.152,192.168.1.12,TCP,1466,"443  >  58641 [PSH, ACK] Seq=37031 Ack=616 Win=63834 Len=1412 [TCP PDU reassembled in 2925]",,,,,,,,,,,,,
2843,5.631421,23.38.195.152,192.168.1.12,TCP,1466,443  >  58641 [ACK] Seq=38443 Ack=616 Win=63834 Len=1412 [TCP PDU reassembled in 2925],,,,,,,,,,,,,
2844,5.631421,23.38.195.152,192.168.1.12,TCP,1466,443  >  58641 [ACK] Seq=39855 Ack=616 Win=63834 Len=1412 [TCP PDU reassembled in 2925],,,,,,,,,,,,,
2845,5.631421,23.38.195.152,192.168.1.12,TCP,1466,"443  >  58641 [PSH, ACK] Seq=41267 Ack=616 Win=63834 Len=1412 [TCP PDU reassembled in 2925]",,,,,,,,,,,,,
2846,5.631421,23.38.195.152,192.168.1.12,TCP,1466,443  >  58641 [ACK] Seq=42679 Ack=616 Win=63834 Len=1412 [TCP PDU reassembled in 2925],,,,,,,,,,,,,
2847,5.631572,192.168.1.12,23.38.195.152,TCP,54,58641  >  443 [ACK] Seq=616 Ack=44091 Win=65048 Len=0,,,,,,,,,,,,,
2851,5.634801,192.168.1.12,13.107.137.11,TLSv1.2,2209,Application Data,,,,,,,,,,,,,
2852,5.63564,192.168.1.12,13.107.137.11,TLSv1.2,584,Application Data,,,,,,,,,,,,,
2853,5.642828,23.38.195.152,192.168.1.12,TCP,1466,443  >  58641 [ACK] Seq=44091 Ack=616 Win=63834 Len=1412 [TCP PDU reassembled in 2925],,,,,,,,,,,,,
2855,5.642828,23.38.195.152,192.168.1.12,TCP,1466,[TCP Previous segment not captured] 443  >  58641 [ACK] Seq=46915 Ack=616 Win=63834 Len=1412 [TCP PDU reassembled in 2925],,,,,,,,,,,,,
2856,5.642828,23.38.195.152,192.168.1.12,TCP,1466,"443  >  58641 [PSH, ACK] Seq=48327 Ack=616 Win=63834 Len=1412 [TCP PDU reassembled in 2925]",,,,,,,,,,,,,
2857,5.642828,23.38.195.152,192.168.1.12,TCP,1466,443  >  58641 [ACK] Seq=49739 Ack=616 Win=63834 Len=1412 [TCP PDU reassembled in 2925],,,,,,,,,,,,,
2858,5.642828,23.38.195.152,192.168.1.12,TCP,1466,443  >  58641 [ACK] Seq=51151 Ack=616 Win=63834 Len=1412 [TCP PDU reassembled in 2926],,,,,,,,,,,,,
2859,5.642828,23.38.195.152,192.168.1.12,TCP,1466,[TCP Previous segment not captured] 443  >  58641 [ACK] Seq=53975 Ack=616 Win=63834 Len=1412 [TCP PDU reassembled in 2926],,,,,,,,,,,,,
2860,5.642828,23.38.195.152,192.168.1.12,TCP,1466,443  >  58641 [ACK] Seq=55387 Ack=616 Win=63834 Len=1412 [TCP PDU reassembled in 2926],,,,,,,,,,,,,
2861,5.642828,23.38.195.152,192.168.1.12,TCP,1466,"443  >  58641 [PSH, ACK] Seq=56799 Ack=616 Win=63834 Len=1412 [TCP PDU reassembled in 2926]",,,,,,,,,,,,,
2862,5.642828,23.38.195.152,192.168.1.12,TCP,1466,443  >  58641 [ACK] Seq=58211 Ack=616 Win=63834 Len=1412 [TCP PDU reassembled in 2926],,,,,,,,,,,,,
2863,5.642828,23.38.195.152,192.168.1.12,TCP,1466,443  >  58641 [ACK] Seq=59623 Ack=616 Win=63834 Len=1412 [TCP PDU reassembled in 2926],,,,,,,,,,,,,
2864,5.642828,23.38.195.152,192.168.1.12,TCP,1466,"443  >  58641 [PSH, ACK] Seq=61035 Ack=616 Win=63834 Len=1412 [TCP PDU reassembled in 2926]",,,,,,,,,,,,,
2865,5.643043,192.168.1.12,23.38.195.152,TCP,66,58641  >  443 [ACK] Seq=616 Ack=45503 Win=65048 Len=0 SLE=46915 SRE=52563,,,,,,,,,,,,,
2866,5.64313,192.168.1.12,23.38.195.152,TCP,74,[TCP Dup ACK 2865#1] 58641  >  443 [ACK] Seq=616 Ack=45503 Win=65048 Len=0 SLE=53975 SRE=62447 SLE=46915 SRE=52563,,,,,,,,,,,,,
2867,5.643199,23.38.195.152,192.168.1.12,TCP,1466,443  >  58641 [ACK] Seq=62447 Ack=616 Win=63834 Len=1412 [TCP PDU reassembled in 2926],,,,,,,,,,,,,
2868,5.643224,192.168.1.12,23.38.195.152,TCP,74,[TCP Dup ACK 2865#2] 58641  >  443 [ACK] Seq=616 Ack=45503 Win=65048 Len=0 SLE=53975 SRE=63859 SLE=46915 SRE=52563,,,,,,,,,,,,,
2869,5.643731,192.168.1.12,40.74.79.222,TCP,62,58671  >  443 [SYN] Seq=0 Win=64240 Len=0 MSS=1460 SACK_PERM,,,,,,,,,,,,,
2870,5.647804,13.107.137.11,192.168.1.12,TCP,56,443  >  58669 [ACK] Seq=6344 Ack=355 Win=64598 Len=0,,,,,,,,,,,,,
2871,5.647804,23.38.195.152,192.168.1.12,TCP,1244,"443  >  58641 [PSH, ACK] Seq=63859 Ack=616 Win=63834 Len=1190 [TCP PDU reassembled in 2926]",,,,,,,,,,,,,
2872,5.647804,23.38.195.152,192.168.1.12,TCP,1466,443  >  58641 [ACK] Seq=65049 Ack=616 Win=63834 Len=1412 [TCP PDU reassembled in 2926],,,,,,,,,,,,,
2873,5.647867,192.168.1.12,23.38.195.152,TCP,74,[TCP Dup ACK 2865#3] 58641  >  443 [ACK] Seq=616 Ack=45503 Win=65048 Len=0 SLE=53975 SRE=65049 SLE=46915 SRE=52563,,,,,,,,,,,,,
2874,5.647927,192.168.1.12,23.38.195.152,TCP,74,[TCP Dup ACK 2865#4] 58641  >  443 [ACK] Seq=616 Ack=45503 Win=65048 Len=0 SLE=53975 SRE=66461 SLE=46915 SRE=52563,,,,,,,,,,,,,
2875,5.655839,23.38.195.152,192.168.1.12,TCP,1466,443  >  58641 [ACK] Seq=66461 Ack=616 Win=63834 Len=1412 [TCP PDU reassembled in 2926],,,,,,,,,,,,,
2877,5.655839,13.107.137.11,192.168.1.12,TLSv1.2,396,"New Session Ticket, Change Cipher Spec, Encrypted Handshake Message",,,,,,,,,,,,,
2878,5.655839,23.38.195.152,192.168.1.12,TCP,1466,[TCP Previous segment not captured] 443  >  58641 [ACK] Seq=69285 Ack=616 Win=63834 Len=1412 [TCP PDU reassembled in 2927],,,,,,,,,,,,,
2879,5.655839,23.38.195.152,192.168.1.12,TCP,1466,443  >  58641 [ACK] Seq=70697 Ack=616 Win=63834 Len=1412 [TCP PDU reassembled in 2927],,,,,,,,,,,,,
2880,5.655839,23.38.195.152,192.168.1.12,TCP,372,"443  >  58641 [PSH, ACK] Seq=72109 Ack=616 Win=63834 Len=318 [TCP PDU reassembled in 2927]",,,,,,,,,,,,,
2881,5.655839,23.38.195.152,192.168.1.12,TCP,1466,443  >  58641 [ACK] Seq=72427 Ack=616 Win=63834 Len=1412 [TCP PDU reassembled in 2927],,,,,,,,,,,,,
2884,5.655839,23.38.195.152,192.168.1.12,TCP,1466,443  >  58641 [ACK] Seq=73839 Ack=616 Win=63834 Len=1412 [TCP PDU reassembled in 2927],,,,,,,,,,,,,
2887,5.655839,23.38.195.152,192.168.1.12,TCP,1466,"443  >  58641 [PSH, ACK] Seq=75251 Ack=616 Win=63834 Len=1412 [TCP PDU reassembled in 2920]",,,,,,,,,,,,,
2888,5.655909,192.168.1.12,23.38.195.152,TCP,74,[TCP Dup ACK 2865#5] 58641  >  443 [ACK] Seq=616 Ack=45503 Win=65048 Len=0 SLE=53975 SRE=67873 SLE=46915 SRE=52563,,,,,,,,,,,,,
2889,5.656048,192.168.1.12,23.38.195.152,TCP,82,[TCP Dup ACK 2865#6] 58641  >  443 [ACK] Seq=616 Ack=45503 Win=65048 Len=0 SLE=69285 SRE=72109 SLE=53975 SRE=67873 SLE=46915 SRE=52563,,,,,,,,,,,,,
2890,5.656075,192.168.1.12,23.38.195.152,TCP,82,[TCP Dup ACK 2865#7] 58641  >  443 [ACK] Seq=616 Ack=45503 Win=65048 Len=0 SLE=69285 SRE=72427 SLE=53975 SRE=67873 SLE=46915 SRE=52563,,,,,,,,,,,,,
2891,5.656134,192.168.1.12,23.38.195.152,TCP,82,[TCP Dup ACK 2865#8] 58641  >  443 [ACK] Seq=616 Ack=45503 Win=65048 Len=0 SLE=69285 SRE=73839 SLE=53975 SRE=67873 SLE=46915 SRE=52563,,,,,,,,,,,,,
2892,5.656191,192.168.1.12,23.38.195.152,TCP,82,[TCP Dup ACK 2865#9] 58641  >  443 [ACK] Seq=616 Ack=45503 Win=65048 Len=0 SLE=69285 SRE=75251 SLE=53975 SRE=67873 SLE=46915 SRE=52563,,,,,,,,,,,,,
2893,5.65622,192.168.1.12,23.38.195.152,TCP,82,[TCP Dup ACK 2865#10] 58641  >  443 [ACK] Seq=616 Ack=45503 Win=65048 Len=0 SLE=69285 SRE=76663 SLE=53975 SRE=67873 SLE=46915 SRE=52563,,,,,,,,,,,,,
2894,5.657026,192.168.1.12,13.107.137.11,TLSv1.2,2178,Application Data,,,,,,,,,,,,,
2895,5.657191,192.168.1.12,13.107.137.11,TLSv1.2,562,Application Data,,,,,,,,,,,,,
2896,5.657433,23.38.195.152,192.168.1.12,TCP,1466,443  >  58641 [ACK] Seq=76663 Ack=616 Win=63834 Len=1412 [TCP PDU reassembled in 2920],,,,,,,,,,,,,
2897,5.657473,192.168.1.12,23.38.195.152,TCP,82,[TCP Dup ACK 2865#11] 58641  >  443 [ACK] Seq=616 Ack=45503 Win=65048 Len=0 SLE=69285 SRE=78075 SLE=53975 SRE=67873 SLE=46915 SRE=52563,,,,,,,,,,,,,
2898,5.664168,23.38.195.152,192.168.1.12,TCP,1466,443  >  58641 [ACK] Seq=78075 Ack=616 Win=63834 Len=1412 [TCP PDU reassembled in 2920],,,,,,,,,,,,,
2899,5.664168,23.38.195.152,192.168.1.12,TCP,1466,"443  >  58641 [PSH, ACK] Seq=79487 Ack=616 Win=63834 Len=1412 [TCP PDU reassembled in 2920]",,,,,,,,,,,,,
2900,5.664168,23.38.195.152,192.168.1.12,TCP,1370,443  >  58641 [ACK] Seq=80899 Ack=616 Win=63834 Len=1316 [TCP PDU reassembled in 2920],,,,,,,,,,,,,
2901,5.664168,23.38.195.152,192.168.1.12,TCP,1466,443  >  58641 [ACK] Seq=82215 Ack=616 Win=63834 Len=1412 [TCP PDU reassembled in 2920],,,,,,,,,,,,,
2902,5.664168,23.38.195.152,192.168.1.12,TCP,150,"443  >  58641 [PSH, ACK] Seq=83627 Ack=616 Win=63834 Len=96 [TCP PDU reassembled in 2920]",,,,,,,,,,,,,
2903,5.664168,23.38.195.152,192.168.1.12,TCP,1466,443  >  58641 [ACK] Seq=83723 Ack=616 Win=63834 Len=1412 [TCP PDU reassembled in 2920],,,,,,,,,,,,,
2905,5.664288,192.168.1.12,23.38.195.152,TCP,82,[TCP Dup ACK 2865#12] 58641  >  443 [ACK] Seq=616 Ack=45503 Win=65048 Len=0 SLE=69285 SRE=80899 SLE=53975 SRE=67873 SLE=46915 SRE=52563,,,,,,,,,,,,,
2906,5.664311,192.168.1.12,23.38.195.152,TCP,82,[TCP Dup ACK 2865#13] 58641  >  443 [ACK] Seq=616 Ack=45503 Win=65048 Len=0 SLE=69285 SRE=82215 SLE=53975 SRE=67873 SLE=46915 SRE=52563,,,,,,,,,,,,,
2907,5.664323,192.168.1.12,23.38.195.152,TCP,82,[TCP Dup ACK 2865#14] 58641  >  443 [ACK] Seq=616 Ack=45503 Win=65048 Len=0 SLE=69285 SRE=83627 SLE=53975 SRE=67873 SLE=46915 SRE=52563,,,,,,,,,,,,,
2908,5.664335,192.168.1.12,23.38.195.152,TCP,82,[TCP Dup ACK 2865#15] 58641  >  443 [ACK] Seq=616 Ack=45503 Win=65048 Len=0 SLE=69285 SRE=83723 SLE=53975 SRE=67873 SLE=46915 SRE=52563,,,,,,,,,,,,,
2909,5.664347,192.168.1.12,23.38.195.152,TCP,82,[TCP Dup ACK 2865#16] 58641  >  443 [ACK] Seq=616 Ack=45503 Win=65048 Len=0 SLE=69285 SRE=85135 SLE=53975 SRE=67873 SLE=46915 SRE=52563,,,,,,,,,,,,,
2910,5.668454,13.107.137.11,192.168.1.12,TCP,56,443  >  58670 [ACK] Seq=6686 Ack=1767 Win=64952 Len=0,,,,,,,,,,,,,
2911,5.668454,23.38.195.152,192.168.1.12,TCP,1466,443  >  58641 [ACK] Seq=85135 Ack=616 Win=63834 Len=1412 [TCP PDU reassembled in 2920],,,,,,,,,,,,,
2912,5.668454,13.107.137.11,192.168.1.12,TCP,56,443  >  58670 [ACK] Seq=6686 Ack=2510 Win=64209 Len=0,,,,,,,,,,,,,
2913,5.668454,23.38.195.152,192.168.1.12,TCP,1466,"443  >  58641 [PSH, ACK] Seq=86547 Ack=616 Win=63834 Len=1412 [TCP PDU reassembled in 2920]",,,,,,,,,,,,,
2914,5.668454,13.107.137.11,192.168.1.12,TCP,56,443  >  58670 [ACK] Seq=6686 Ack=3040 Win=63679 Len=0,,,,,,,,,,,,,
2915,5.668754,192.168.1.12,23.38.195.152,TCP,82,[TCP Dup ACK 2865#17] 58641  >  443 [ACK] Seq=616 Ack=45503 Win=65048 Len=0 SLE=69285 SRE=86547 SLE=53975 SRE=67873 SLE=46915 SRE=52563,,,,,,,,,,,,,
2916,5.669069,192.168.1.12,23.38.195.152,TCP,82,[TCP Dup ACK 2865#18] 58641  >  443 [ACK] Seq=616 Ack=45503 Win=65048 Len=0 SLE=69285 SRE=87959 SLE=53975 SRE=67873 SLE=46915 SRE=52563,,,,,,,,,,,,,
2917,5.669327,23.38.195.152,192.168.1.12,TCP,1466,443  >  58641 [ACK] Seq=87959 Ack=616 Win=63834 Len=1412 [TCP PDU reassembled in 2920],,,,,,,,,,,,,
2918,5.669327,23.38.195.152,192.168.1.12,TCP,1466,443  >  58641 [ACK] Seq=89371 Ack=616 Win=63834 Len=1412 [TCP PDU reassembled in 2920],,,,,,,,,,,,,
2919,5.669583,192.168.1.12,23.38.195.152,TCP,82,[TCP Dup ACK 2865#19] 58641  >  443 [ACK] Seq=616 Ack=45503 Win=65048 Len=0 SLE=69285 SRE=90783 SLE=53975 SRE=67873 SLE=46915 SRE=52563,,,,,,,,,,,,,
2920,5.679483,23.38.195.152,192.168.1.12,TLSv1.2,1466,Application Data,,,,,,,,,,,,,
2921,5.679483,23.38.195.152,192.168.1.12,TCP,1466,443  >  58641 [ACK] Seq=92195 Ack=616 Win=63834 Len=1412 [TCP PDU reassembled in 2924],,,,,,,,,,,,,
2923,5.679483,23.38.195.152,192.168.1.12,TCP,1466,443  >  58641 [ACK] Seq=93607 Ack=616 Win=63834 Len=1412 [TCP PDU reassembled in 2924],,,,,,,,,,,,,
2924,5.679483,23.38.195.152,192.168.1.12,TLSv1.2,674,Application Data,,,,,,,,,,,,,
2925,5.679483,23.38.195.152,192.168.1.12,TLSv1.2,1466,"[TCP Fast Retransmission] , Application Data",,,,,,,,,,,,,
2926,5.679483,23.38.195.152,192.168.1.12,TLSv1.2,1466,"[TCP Fast Retransmission] , Application Data",,,,,,,,,,,,,
2927,5.679483,23.38.195.152,192.168.1.12,TLSv1.2,1466,"[TCP Fast Retransmission] , Application Data",,,,,,,,,,,,,
2928,5.679483,13.107.137.11,192.168.1.12,TCP,1466,443  >  58652 [ACK] Seq=1 Ack=2228 Win=64137 Len=1412 [TCP PDU reassembled in 2929],,,,,,,,,,,,,
2929,5.679483,13.107.137.11,192.168.1.12,TLSv1.2,566,Application Data,,,,,,,,,,,,,
2930,5.679483,13.107.137.11,192.168.1.12,TLSv1.2,112,Application Data,,,,,,,,,,,,,
2931,5.679615,192.168.1.12,23.38.195.152,TCP,82,[TCP Dup ACK 2865#20] 58641  >  443 [ACK] Seq=616 Ack=45503 Win=65048 Len=0 SLE=69285 SRE=93607 SLE=53975 SRE=67873 SLE=46915 SRE=52563,,,,,,,,,,,,,
2932,5.679803,192.168.1.12,23.38.195.152,TCP,82,[TCP Dup ACK 2865#21] 58641  >  443 [ACK] Seq=616 Ack=45503 Win=65048 Len=0 SLE=69285 SRE=95019 SLE=53975 SRE=67873 SLE=46915 SRE=52563,,,,,,,,,,,,,
2933,5.679832,192.168.1.12,23.38.195.152,TCP,82,[TCP Dup ACK 2865#22] 58641  >  443 [ACK] Seq=616 Ack=45503 Win=65048 Len=0 SLE=69285 SRE=95639 SLE=53975 SRE=67873 SLE=46915 SRE=52563,,,,,,,,,,,,,
2934,5.679873,192.168.1.12,23.38.195.152,TCP,74,58641  >  443 [ACK] Seq=616 Ack=52563 Win=65048 Len=0 SLE=69285 SRE=95639 SLE=53975 SRE=67873,,,,,,,,,,,,,
2935,5.679913,192.168.1.12,23.38.195.152,TCP,66,58641  >  443 [ACK] Seq=616 Ack=67873 Win=65048 Len=0 SLE=69285 SRE=95639,,,,,,,,,,,,,
2936,5.679994,192.168.1.12,23.38.195.152,TCP,54,58641  >  443 [ACK] Seq=616 Ack=95639 Win=65048 Len=0,,,,,,,,,,,,,
2937,5.68002,192.168.1.12,13.107.137.11,TCP,54,58652  >  443 [ACK] Seq=2228 Ack=1983 Win=64952 Len=0,,,,,,,,,,,,,
2938,5.695128,13.107.137.11,192.168.1.12,TCP,56,443  >  58669 [ACK] Seq=6686 Ack=1767 Win=64952 Len=0,,,,,,,,,,,,,
2939,5.695128,13.107.137.11,192.168.1.12,TCP,56,443  >  58669 [ACK] Seq=6686 Ack=2479 Win=64240 Len=0,,,,,,,,,,,,,
2940,5.695128,13.107.137.11,192.168.1.12,TCP,56,443  >  58669 [ACK] Seq=6686 Ack=2987 Win=63732 Len=0,,,,,,,,,,,,,
2941,5.742256,40.74.79.222,192.168.1.12,TCP,62,"443  >  58671 [SYN, ACK] Seq=0 Ack=1 Win=64952 Len=0 MSS=1412 SACK_PERM",,,,,,,,,,,,,
2942,5.742886,192.168.1.12,40.74.79.222,TCP,54,58671  >  443 [ACK] Seq=1 Ack=1 Win=64240 Len=0,,,,,,,,,,,,,
2943,5.757004,192.168.1.12,192.168.1.10,TCP,164,"51210  >  8009 [PSH, ACK] Seq=111 Ack=111 Win=64130 Len=110",,,,,,,,,,,,,
2944,5.757388,192.168.1.12,40.74.79.222,TLSv1.2,230,Client Hello (SNI=arc.msn.com),,,,,,,,,,,,,
2945,5.767256,192.168.1.10,192.168.1.12,TCP,164,"8009  >  51210 [PSH, ACK] Seq=111 Ack=221 Win=65535 Len=110",,,,,,,,,,,,,
2946,5.820152,192.168.1.12,192.168.1.10,TCP,54,51210  >  8009 [ACK] Seq=221 Ack=221 Win=64020 Len=0,,,,,,,,,,,,,
2947,5.854008,40.74.79.222,192.168.1.12,TCP,1466,443  >  58671 [ACK] Seq=1 Ack=177 Win=64776 Len=1412 [TCP PDU reassembled in 2951],,,,,,,,,,,,,
2948,5.854008,40.74.79.222,192.168.1.12,TCP,1466,443  >  58671 [ACK] Seq=1413 Ack=177 Win=64776 Len=1412 [TCP PDU reassembled in 2951],,,,,,,,,,,,,
2949,5.854008,40.74.79.222,192.168.1.12,TCP,1466,443  >  58671 [ACK] Seq=2825 Ack=177 Win=64776 Len=1412 [TCP PDU reassembled in 2951],,,,,,,,,,,,,
2950,5.854008,40.74.79.222,192.168.1.12,TCP,1466,443  >  58671 [ACK] Seq=4237 Ack=177 Win=64776 Len=1412 [TCP PDU reassembled in 2951],,,,,,,,,,,,,
2951,5.854008,40.74.79.222,192.168.1.12,TLSv1.2,626,"Server Hello, Certificate, Certificate Status, Server Key Exchange, Server Hello Done",,,,,,,,,,,,,
2952,5.854751,192.168.1.12,40.74.79.222,TCP,54,58671  >  443 [ACK] Seq=177 Ack=6221 Win=64952 Len=0,,,,,,,,,,,,,
2953,5.904834,192.168.1.12,40.74.79.222,TLSv1.2,212,"Client Key Exchange, Change Cipher Spec, Encrypted Handshake Message",,,,,,,,,,,,,
2954,5.990408,13.107.137.11,192.168.1.12,TCP,1466,443  >  58669 [ACK] Seq=6686 Ack=2987 Win=63732 Len=1412 [TCP PDU reassembled in 2956],,,,,,,,,,,,,
2955,5.990408,13.107.137.11,192.168.1.12,TCP,1466,443  >  58669 [ACK] Seq=8098 Ack=2987 Win=63732 Len=1412 [TCP PDU reassembled in 2956],,,,,,,,,,,,,
2956,5.990408,13.107.137.11,192.168.1.12,TLSv1.2,240,Application Data,,,,,,,,,,,,,
2957,5.990919,192.168.1.12,13.107.137.11,TCP,54,58669  >  443 [ACK] Seq=2987 Ack=9696 Win=64952 Len=0,,,,,,,,,,,,,
2958,6.055338,40.74.79.222,192.168.1.12,TLSv1.2,105,"Change Cipher Spec, Encrypted Handshake Message",,,,,,,,,,,,,
2959,6.056368,192.168.1.12,40.74.79.222,TLSv1.2,2319,Application Data,,,,,,,,,,,,,
2960,6.113326,13.107.43.12,192.168.1.12,TCP,1466,443  >  58665 [ACK] Seq=12925 Ack=5000 Win=64038 Len=1412 [TCP PDU reassembled in 2962],,,,,,,,,,,,,
2961,6.113326,13.107.43.12,192.168.1.12,TCP,1466,443  >  58665 [ACK] Seq=14337 Ack=5000 Win=64038 Len=1412 [TCP PDU reassembled in 2962],,,,,,,,,,,,,
2962,6.113326,13.107.43.12,192.168.1.12,TLSv1.2,686,Application Data,,,,,,,,,,,,,
2963,6.113662,192.168.1.12,13.107.43.12,TCP,54,58665  >  443 [ACK] Seq=5000 Ack=16381 Win=64952 Len=0,,,,,,,,,,,,,
2964,6.149458,40.74.79.222,192.168.1.12,TCP,56,443  >  58671 [ACK] Seq=6272 Ack=2600 Win=64952 Len=0,,,,,,,,,,,,,
2965,6.237346,40.74.79.222,192.168.1.12,TLSv1.2,1035,Application Data,,,,,,,,,,,,,
2966,6.28652,192.168.1.12,40.74.79.222,TCP,54,58671  >  443 [ACK] Seq=2600 Ack=7253 Win=63920 Len=0,,,,,,,,,,,,,
2967,6.37517,13.107.137.11,192.168.1.12,TCP,1466,443  >  58670 [ACK] Seq=6686 Ack=3040 Win=63679 Len=1412 [TCP PDU reassembled in 2968],,,,,,,,,,,,,
2968,6.37517,13.107.137.11,192.168.1.12,TLSv1.2,1241,Application Data,,,,,,,,,,,,,
2969,6.375308,192.168.1.12,13.107.137.11,TCP,54,58670  >  443 [ACK] Seq=3040 Ack=9285 Win=64952 Len=0,,,,,,,,,,,,,
2970,6.81664,192.168.1.12,13.95.31.18,TCP,54,"58667  >  443 [FIN, ACK] Seq=33615 Ack=5523 Win=64952 Len=0",,,,,,,,,,,,,
2971,7.000119,13.95.31.18,192.168.1.12,TCP,54,"443  >  58667 [FIN, ACK] Seq=5523 Ack=33616 Win=64952 Len=0",,,,,,,,,,,,,
